Ags,Rkiname,Inzidenz_mean,Inzidenz_quart,delta_1_mean,delta_1_med,delta_1_max,delta_1_quart,delta_2_mean,delta_2_med,delta_2_max,delta_2_quart,delta_3_mean,delta_3_med,delta_3_max,delta_3_quart,delta_5_mean,delta_5_med,delta_5_max,delta_5_quart,delta_7_mean,delta_7_med,delta_7_max,delta_7_quart,delta_I4_mean,delta_I4_med,delta_I4_max,delta_I4_quart
01001,SK Flensburg,76,96.5,0.2,0,11,0,0.2,0,11,0,0.2,0,11,0,0.2,0,11,0,0.2,0,11,0,0.2,0,11,0
01002,SK Kiel,65.6,81,0.6,0,8.6,0.8,0.8,0.5,8.6,1,1,0.7,8.6,1.2,1.1,0.7,8.6,1.6,1.2,0.8,8.6,1.6,1.4,0.9,9.3,1.9
01003,SK Lübeck,51.5,61.9,2,0.3,23.5,1.8,2.2,1,23.5,1.9,2.1,1,23.5,2.3,2.1,1.1,23.5,2.4,2.2,1.2,23.5,2.8,2.3,1.2,22.7,3
01004,SK Neumünster,71.9,84.8,3.1,0,60.2,1.3,3.8,0,60.2,1.9,4.4,0,60.2,2.4,4.7,1.4,60.2,3.1,4.9,1.5,60.2,3.5,5.3,1.5,60.2,3.1
01051,LK Dithmarschen,42.2,55.6,2.1,0,45.7,0,2.1,0,45.7,0,2.2,0,45.7,0,2.2,0,45.7,0,2.2,0,45.7,0,2.5,0,45.7,0
01053,LK Herzogtum Lauenburg,89.2,100.5,0.7,0,11.8,0.5,1.4,0,41.7,0.7,2,0.4,42.4,0.8,2.2,0.5,42.4,1.2,2.3,0.6,42.4,1.3,2.5,0.6,42.4,1.5
01054,LK Nordfriesland,32,38,2.2,1.5,15.9,3.2,3.2,2.6,27.8,4.9,3.5,2.8,27.8,4.9,3.5,2.7,27.8,5.4,3.5,2.6,27.8,4.9,3.2,2.4,27.8,4.4
01055,LK Ostholstein,50.3,61.8,0.8,0,9.6,0.8,1,0,11,1.4,1,0,11,1.4,1.1,0,11,1.4,1.1,0,11,1.5,1.3,0.9,11,1.6
01056,LK Pinneberg,81,97.8,1.8,1.1,23.4,2.1,2.5,1.6,19,3.1,2.7,1.9,19,3.5,2.9,1.9,19,3.7,2.9,1.9,19,3.5,3.1,2.4,20.1,3.5
01057,LK Plön,30.2,38.1,0.4,0,20.1,0,0.7,0,20.3,0,0.8,0,20.3,0,0.8,0,20.3,0,1,0,20.3,0,1.4,0,24.6,0
01058,LK Rendsburg-Eckernförde,44.3,50,0.3,0,7.3,0,0.4,0,7.3,0.7,0.4,0,7.3,0.7,0.4,0,7.3,0.7,0.4,0,7.3,0.7,0.4,0,7.3,0.7
01059,LK Schleswig-Flensburg,41.4,48.2,0.3,0,5.4,0,0.3,0,5.4,0,0.4,0,5.4,0,0.4,0,5.4,0,0.5,0,5.4,1,1.3,0,5.4,1.8
01060,LK Segeberg,84.3,102.1,1.8,1.3,15.6,2.2,2.5,2.1,17.8,2.9,2.6,2,17.2,3.2,2.5,1.8,17.2,3.2,2.5,2.1,17.2,3.2,2.4,1.7,17.2,2.9
01061,LK Steinburg,62.1,85.5,0.8,0,12.3,0,1.4,0,12.3,1.5,1.7,0,15.1,2,2.1,0.8,15.1,2.7,2.3,0.9,15.1,3.4,2.8,0.9,15.1,3.9
01062,LK Stormarn,80.8,92.6,1.1,0.6,24.6,1.2,1.5,1.1,25.1,1.7,1.6,1.3,23.7,1.8,1.8,1.3,24.2,1.9,1.9,1.4,24.2,2,2.1,1.6,24.6,2.3
02000,SK Hamburg,102.1,124.6,17.2,16.8,63.9,20.5,18.8,17.3,70.1,22.3,18.8,17.1,70.1,22.2,18.9,17.4,69.9,22.1,19,18,69.5,22.1,19.2,17.2,69.5,22.3
03101,SK Braunschweig,84.7,101.8,2.7,0.8,25.2,2.4,3.4,1.4,26.6,3.2,3.7,1.6,26.6,3.9,4,1.9,27,4.2,3.8,1.9,27,4.1,3.5,1.5,27,3.9
03102,SK Salzgitter,198.1,243.5,18,17,51.3,25.1,18.1,17.1,51.3,25.1,18,17,51.3,24.8,18,17,51.3,25.1,18.4,17.4,51.3,25.1,19,17.7,51.3,26.4
03103,SK Wolfsburg,110.3,150.4,16,12.7,61.4,23.5,17.2,13.4,60,25,17.2,13.6,60,24.6,17.2,12.8,60,24.2,17.6,13.4,60,24.2,18.3,14.1,60,26.9
03151,LK Gifhorn,100.2,128.6,5.2,0.7,51.7,3.1,6.2,1.4,57.4,4.7,6.7,1.6,55.3,4.9,7.4,2.2,55.3,5.3,8,2.6,56.7,6.1,8.4,2.6,60.1,6.7
03153,LK Goslar,53.7,84.4,3.8,1.6,41.9,3.5,4.9,2.7,41.9,5.6,5.2,2.8,41.9,6.1,5.5,3.6,41.9,6.4,5.7,3.7,41.9,6.4,5.9,3.9,41.9,6.4
03154,LK Helmstedt,73.5,92,2.1,0,21.9,1.4,2.1,0,21.9,1.5,2.1,0,21.9,1.4,2.2,0,21.9,1.5,2.3,0,21.9,1.9,3.2,1.2,21.9,3.9
03155,LK Northeim,51.7,62.7,9.9,5.4,37.1,15.6,12.3,7.9,41.9,18.4,13.3,9.2,43,22.3,14,9.4,43,23.7,14.2,9.6,43,24.2,13.3,9.5,36.3,22.7
03157,LK Peine,137,159.5,11.2,0.6,66,21.6,11.8,1.3,66,22.7,11.9,1.5,66,22.7,12.3,2.3,66,22.7,12.6,2.5,65.4,22.8,13.9,3,65.4,24.5
03158,LK Wolfenbüttel,80.1,101.2,1.6,0,17.2,0.9,1.4,0,17.2,0.9,1.5,0,17.2,0.9,1.5,0,17.2,0.9,1.5,0,17.2,0.9,1.6,0,17.2,1.2
03159,LK Göttingen,60.2,79.1,2.8,0.9,23.8,4.4,3.8,1.8,33.2,5.8,4.4,2.8,37.1,5.9,5,2.7,38.7,7.2,5.3,2.7,38.7,7.8,6.9,6.3,38.7,9.4
03241,Region Hannover,119.1,130.8,7.6,6.1,24.1,12,7.4,6.2,23.1,11.4,7.1,5.7,23.1,11,7.2,5.8,23.1,11.3,7.3,5.7,23.7,11.6,6.9,5.6,23.9,10.9
03251,LK Diepholz,73.9,94.4,18.1,19.4,59.7,27.1,22,22.4,64.9,27.6,23.1,23.3,63.8,28.2,24.2,23.8,72,29.2,24.7,24.8,72,29.8,24.5,23.7,71.1,29.5
03252,LK Hameln-Pyrmont,78.3,88.2,12.8,12.6,36.6,21.4,13.5,13.4,37.4,22.3,13.8,13.4,37.4,22.6,14.3,14,37.4,22.7,14.5,14.4,37.4,22.8,14.6,14.9,37.4,22.8
03254,LK Hildesheim,78.4,92.1,6.8,0.7,35.5,13.2,7.6,1.1,39,16.9,7.7,1.3,37.9,17,7.8,1.3,37.9,17.7,8.1,1.3,37.9,18.8,8.6,1.3,37.9,19.5
03255,LK Holzminden,69.3,80.9,3.9,0,55.3,1.7,4.1,0,55.3,2.3,4.3,0,55.3,2.9,4.6,0.8,55.3,3,4.8,1.6,55.3,3.6,5.1,0,55.3,4.1
03256,LK Nienburg (Weser),71.7,96.4,0.7,0,8.3,0,0.7,0,8.3,0.3,0.7,0,8.3,0,0.7,0,8.3,0.7,0.7,0,8.3,0,0.6,0,8.3,0
03257,LK Schaumburg,100.1,118.5,7.2,1.8,47.4,8.9,7.3,2,47.4,9.3,7.3,1.9,47.4,9.7,7.5,2.6,47.4,11,7.7,2.9,44.3,12.7,8.2,2.9,41.7,14.9
03351,LK Celle,95.7,118.4,8.3,3.4,43.9,10.2,8.4,3.2,43.9,10.7,8.5,3.1,43.9,10.8,8.8,3.3,43.9,11.8,9,3.6,43.9,13.6,9.3,3.6,43.9,15.2
03352,LK Cuxhaven,71.7,78.8,6.4,0.7,44.2,8.9,7.6,1.6,46,10.7,8.5,2.2,46,11.4,9.2,2.9,46,13.4,9.5,3.1,46,14.8,10.1,3.9,45.1,15.2
03353,LK Harburg,78.4,84.9,0.8,0,27.9,0,0.9,0,25.2,0.2,0.9,0,25.2,0.6,1,0,25.2,0.6,1.1,0.4,25.2,0.6,1.5,0.6,25.2,1.1
03354,LK Lüchow-Dannenberg,50.3,62,5,0,60,0,5.2,0,60,1.8,5.2,0,60,1.3,5.4,0,60,0.4,5.6,0,60,0,4.9,0,60,0
03355,LK Lüneburg,61.5,78.2,9.8,9.4,32.4,14.1,10.2,9.7,32.4,15.2,10.6,9.7,32.4,16.3,10.5,9.6,32.4,16.8,10.8,9.7,32.4,17.3,9.9,8.3,32.4,15.7
03356,LK Osterholz,60.3,72,7.8,6.2,34.6,10.9,8.4,6.9,34.6,12,8.2,6.4,33.3,10.7,7.9,6.2,34.5,10.5,8.2,6.4,34.5,10.7,8.3,6.3,33.3,10.6
03357,LK Rotenburg (Wümme),67.1,87.9,13.1,7,64.6,17,17.7,11.8,64.6,29.7,19.7,14,64.6,32.1,20.6,14.9,61.4,32.8,20.4,13.9,61.4,33.7,20.4,13.6,58.2,32.9
03358,LK Heidekreis,62.5,86.7,13,10.2,58.7,20.5,14.7,11.1,68.9,21.8,14.8,10.5,68.9,21.7,14.7,10.9,68.9,21.2,14.6,10.5,68.9,22,15.2,11.1,68.9,22.2
03359,LK Stade,75.8,92.4,15.6,15,82,21.5,17.8,16.2,76.1,22.8,17.7,16.1,76.1,23.1,17.4,15.6,76.1,23.2,17.8,15.8,76.1,23,18.3,16,76.1,23.2
03360,LK Uelzen,71.7,98.5,5,0,53.5,2.1,5.1,0,53.5,2.9,5.3,0,53.5,2.9,5.5,0,53.5,3.1,5.8,0,53.5,3.2,6.1,0,53.5,6.4
03361,LK Verden,75.1,99.2,4.1,0.9,33.2,3.7,4.1,1.2,33.2,3.8,4.1,1.1,33.2,3.4,4.1,1.3,33.2,3,4.2,1.4,33.2,3.4,4.2,1.4,33.2,3.8
03401,SK Delmenhorst,124.2,175.4,2.2,0,32.6,0,2.3,0,32.6,0,2.3,0,32.6,0,2.4,0,32.6,0.7,2.6,0,32.6,1.1,2.7,0,32.6,1.1
03402,SK Emden,79.5,106.2,15.9,7.1,75.8,29.3,18.8,9.1,94.7,30.7,18.9,8.7,94.7,30.9,18.3,8.7,94.7,30.5,18.7,10,94.7,30.9,19.3,10.9,94.7,30.7
03403,SK Oldenburg,80.9,92.3,8.5,5,59.9,11.4,9.3,5.3,59.9,12.7,9.5,5.2,59.9,12.8,9.6,5,59.9,12.8,9.9,5.2,59.9,12.9,10.3,5.5,59.9,12.9
03404,SK Osnabrück,125.8,154.3,16.3,16.5,35.3,21.7,19.7,19.5,43,26.5,20.7,20.6,43,27.4,21.7,21,44.2,30.4,22.5,21.8,46.1,30.5,25,23.8,47.9,31.3
03405,SK Wilhelmshaven,53.8,65.7,23.2,17.1,71.1,29.4,38.1,31.7,176.6,51.4,48.9,39.5,200,64.1,61.6,55.4,200,77,67.4,62.6,200,80.5,79.6,72.9,215.2,94.4
03451,LK Ammerland,89.1,98.5,1.6,0,27.6,0,1.5,0,27.6,0,1.5,0,27.6,0,1.5,0,27.6,0.2,1.5,0,27.6,0,1.7,0,27.6,0
03452,LK Aurich,52.6,70.6,10.7,5.9,49.4,16.9,13.3,8.4,55.7,21,14,9,55.7,21.1,14.2,9.3,55.7,21.1,14.1,9.3,55.7,17.4,15.2,10.7,55.7,23.7
03453,LK Cloppenburg,166.2,205.1,10,5.6,53.4,13.1,12.2,7.8,54.1,16.9,12.9,8.3,54.8,18,13.7,7.8,56.1,19.3,14.6,9.4,56.7,20.5,17.7,12.4,60.9,26.3
03454,LK Emsland,118.8,152,13.6,11.2,45.9,19.4,15.2,12.6,50,21.7,15.3,12.5,49.6,21.9,15.6,13.1,50.4,22.5,16.2,14,50.7,22.8,18.1,17.6,54,26
03455,LK Friesland,44,51.7,8.7,2.6,206.2,6.5,11.2,5.5,219.1,10,12.7,6.5,225.3,12.3,14.3,7,225.3,13.2,15.1,7.9,231.5,14.1,15.9,7.7,237.7,14
03456,LK Grafschaft Bentheim,111.7,137.1,0.8,0,34.7,0,0.8,0,34.7,0,0.9,0,34.7,0,0.9,0,34.7,0,0.9,0,34.7,0,1,0,34.7,0
03457,LK Leer,112.7,125.9,10.3,0.5,62.4,18,10.5,0.5,62.4,18.5,10.7,0.6,62.4,19.1,11,1.2,62.4,19.4,11.4,2.2,62.4,19.6,12.8,5.8,62.4,21.6
03458,LK Oldenburg,92,111.5,9.9,5.9,55.9,12.8,13.9,9.5,55.9,21.1,16.4,12.8,56.7,23.3,19.8,16,58.6,25,22.3,19.4,63.1,28,27.5,22.7,70.3,35.7
03459,LK Osnabrück,89.2,111.1,16.5,16.7,40.8,22.7,19.8,19.2,46.1,27,20.7,20.1,50.2,27.1,21.7,21.7,50.2,27.8,22.3,22.4,50.6,28.9,24.5,25.5,50.6,29.9
03460,LK Vechta,190.6,260.5,0.6,0,19.6,0,0.8,0,19.6,0.2,0.9,0,19.6,0.3,1,0.2,19.6,0.5,1,0.2,19.6,0.5,1.3,0.5,19.6,0.6
03461,LK Wesermarsch,110.5,124.2,14.3,9.9,88.5,18.4,15.5,11.9,88.5,21,16,11.8,88.5,21.8,16.5,11.8,93.2,22.6,16.8,11.8,93.2,22.5,17.8,13.3,93.2,22.7
03462,LK Wittmund,51.4,70.3,16.9,6.8,93.1,26.6,18.3,8,93.1,28,19.2,11.9,93.1,28.5,19.6,11.9,95.5,29.1,19,11.9,93.1,28.9,20.1,13.4,93.1,30.5
04011,SK Bremen,110.3,135.8,0.7,0.4,21.8,0.7,1,0.7,21.6,1.1,1.2,0.9,20.8,1.2,1.5,1.2,20.9,1.6,1.4,1.4,2.8,1.7,1.6,1.6,3.5,2
04012,SK Bremerhaven,149.5,171.6,10.2,5.7,58.1,18.3,10.3,5.7,58.1,18.6,10.5,5.8,58.1,18.1,10.8,6,58.1,18.3,10.8,6,58.1,18.1,12.1,8,58.1,19.7
05111,SK Düsseldorf,101.2,140.9,1.9,1.2,11.7,2.5,1.9,1.1,11.5,2.3,1.8,1.1,11.5,2.2,1.8,1,10.9,2.2,1.8,1,10.9,2.3,1.8,1,11.2,2.2
05112,SK Duisburg,156.6,190.3,2.9,2.3,19,4.8,3.2,3,19,5.1,3.3,2.9,19.6,5.4,3.6,3.5,20.6,5.8,3.8,3.6,21.1,6,4.1,4.3,21.4,6.2
05113,SK Essen,115.3,141.4,0.6,0.1,8.8,0.3,0.6,0.2,8.8,0.5,0.7,0.2,9,0.5,0.7,0.3,9,0.5,0.7,0.3,9,0.5,0.7,0.3,8.8,0.5
05114,SK Krefeld,150.9,198.8,2.5,1,13.5,3.9,2.6,1,13.8,4,2.6,1.1,13.7,3.7,2.5,1.1,13.5,3.7,2.5,0.9,13.5,4,2.5,0.9,13.5,3.1
05116,SK Mönchengladbach,96.9,126.4,8.1,6.1,28.8,12,9.3,7.6,29.5,12.9,9.6,8.1,32.5,13.1,9.8,8.3,33.8,13.6,9.9,8.3,34.1,13.6,10,8.7,34.1,14.1
05117,SK Mülheim a.d.Ruhr,132.5,184.6,4.1,0.5,38.9,3.7,6.3,1.5,40.9,9.6,7.3,2.8,40.9,11.5,7.3,3.3,40.9,12.5,7,3.2,40.9,9.8,6.4,1.5,40.9,8.6
05119,SK Oberhausen,121.1,147.6,11,9.6,33.2,17.3,15.9,13.4,40.4,24.7,19,17.7,47,27,22.8,23.7,49.7,31.2,24.8,24.1,56.4,33.8,29.7,27.4,62.2,37.6
05120,SK Remscheid,199.5,258.7,1.1,0.3,28.3,0.7,1.2,0.3,28.3,0.8,1.2,0.3,28.3,0.8,1.2,0.3,28.3,0.8,1.2,0.1,28.3,0.7,1.4,0.3,28.3,0.8
05122,SK Solingen,154.4,179,1.1,0,22.2,0.5,1.1,0,23.9,0.6,1.2,0.3,23.9,0.8,1.2,0.4,23.9,0.9,1.3,0.4,23.9,0.9,1.3,0.6,23,0.8
05124,SK Wuppertal,166.2,209.2,2,0.7,24.1,1.5,2.7,0.9,24.1,2,2.9,1,24.1,2.4,3.1,1.2,24.1,2.7,3.2,1.2,24.1,2.6,3.1,1.2,24.1,2.2
05154,LK Kleve,116,128.3,4.3,2.4,17.5,7,4.7,3.1,17.5,7.4,4.7,3.1,18.8,7.2,4.7,3.5,18.3,7.2,4.5,3.4,18.3,7,4.4,2.6,18.8,7.1
05158,LK Mettmann,137.5,194.4,1.8,0.5,27.7,1.1,2.1,0.8,26,1.8,2.3,0.8,25,2,2.4,0.8,25,2.3,2.3,0.8,25,2.3,2.7,0.9,25,2.8
05162,LK Rhein-Kreis Neuss,100.5,124.6,5.6,3.1,32.8,7.2,7.9,3.8,58.1,8.9,9.6,4,70.1,11,11.5,4,75.1,13.4,12.5,4.2,83.2,14.1,13.8,4,86,14.8
05166,LK Viersen,98.6,124.5,2.4,0.6,35.4,1.9,2.4,0.7,35,2.2,2.5,0.9,35,2,2.6,1.1,35,2.1,2.8,1.3,34.1,2.6,3,1.6,34.1,3.1
05170,LK Wesel,100.4,127,8.3,6.9,53.7,10.5,9.2,7.8,54.4,11.5,9.5,7.7,54.9,11.8,9.7,8.1,55.1,12.1,10,8.1,55.1,12.3,10.5,8.8,55.1,12.4
05314,SK Bonn,119.7,167.1,0.5,0.2,10.5,0.5,0.6,0.3,10.5,0.6,0.8,0.5,10.5,0.9,0.9,0.6,3.9,1.2,1.1,0.8,4,1.3,1.2,0.9,4.5,1.7
05315,SK Köln,140.2,177.7,3.2,2.5,20,4.3,4.2,3.7,21.5,5.4,4.7,4.3,22.3,6.4,5.2,5,22.7,6.8,5.5,5,22.8,7.3,6.4,5.8,23.3,8.5
05316,SK Leverkusen,140.8,222.9,0.7,0,19,0.3,1,0,19,1,1.4,0.3,19,1.3,1.9,0.7,19,1.5,2.1,0.9,19,2.2,2.8,1,19,3.1
05334,StadtRegion Aachen,111.7,136.6,8,5.4,66.9,9.8,8.4,5.9,67.3,9.9,8.3,5.5,67.3,9.9,8.4,6,67.3,9.9,8.5,6,67,10.2,8.8,6.7,67,10.3
05358,LK Düren,149.5,164,0.7,0.2,6.1,0.6,0.7,0.2,6.1,0.6,0.7,0.3,6.1,0.6,0.7,0.3,6.1,0.6,0.7,0.3,6.1,0.6,0.8,0.3,6.4,1
05362,LK Rhein-Erft-Kreis,136.1,173.4,0.2,0,16,0,0.3,0,16,0,0.3,0,16,0,0.3,0,16,0,0.3,0,15.9,0,0,0,0.2,0
05366,LK Euskirchen,110.9,143.6,7.8,3.4,59.7,9.2,9.2,5.2,59.9,12.2,9.5,4.8,60.5,12.4,10,5.5,60.5,12.7,10.2,5.9,60.5,13,11.1,6.3,64.7,13.6
05370,LK Heinsberg,94.3,127.2,2,1.7,8.6,3.2,3.3,2.8,14,5.1,4.1,3.7,14.3,5.5,4.8,4.3,14.3,6.4,5.1,4.6,14.3,6.4,5.3,5,14.6,7
05374,LK Oberbergischer Kreis,171.8,220.2,7.2,6.3,29.8,8.9,7.9,6.9,29.8,11.9,8.3,6.9,29.8,12.2,8.6,7.6,29.8,12.3,9,8,29.4,12.7,9.2,8.3,29.4,13.3
05378,LK Rheinisch-Bergischer Kreis,102.8,127.8,4.6,0.8,36.4,6.7,6.8,1,65.1,11,8.3,1.4,74,12.2,8.5,1.3,77.2,12.4,6.6,1.3,53.1,8.8,3.9,1.1,22,4.5
05382,LK Rhein-Sieg-Kreis,90.5,112.7,8.8,6.6,53.8,11.6,11.7,10.8,56,15.1,12.9,11.9,56,17.2,13.9,12.8,58.4,18.6,14.5,12.8,57.9,19.6,15.2,12.6,59.2,20.1
05512,SK Bottrop,89.7,118.2,4.5,1.2,50.5,4.9,6,2,50.5,6.7,6.7,3.1,51.5,6.9,6.9,2.9,51.5,7.2,6.5,2.6,52.5,6.5,6.1,2.2,55.6,5.1
05513,SK Gelsenkirchen,159.1,206.4,4.1,3.4,19.7,6.4,5.4,5.5,21.3,7.6,6.5,6.2,22.3,8.5,7,6.6,23.6,9.5,7.1,6.6,23.6,9.6,7.4,6.7,26.8,9.7
05515,SK Münster,69.5,90.4,8.4,7.5,30.9,11.4,9.6,8.6,30.9,13.4,10.3,9.2,31.4,14.2,11,9.6,32,14.8,11.3,10,32,15.2,11.5,10.5,32.9,15.3
05554,LK Borken,115.9,137.9,0.3,0.2,1.6,0.4,0.4,0.2,1.8,0.6,0.4,0.3,1.8,0.6,0.4,0.4,1.6,0.6,0.4,0.4,1.6,0.7,0.5,0.3,2.1,0.6
05558,LK Coesfeld,67.5,87.9,1.5,0,31.5,1,1.7,0,31.5,1.2,1.7,0.4,31.5,1.4,1.9,0.6,31.5,1.2,2,0.6,31.5,1.5,2.1,1,31.5,1.7
05562,LK Recklinghausen,125.2,157.3,1,0.7,6.5,1.3,1.6,1.2,7.4,2.4,1.9,1.3,7.6,3.1,2.2,1.4,8.4,3.4,2.4,1.5,8.6,3.7,2.4,1.5,9.4,3.9
05566,LK Steinfurt,106.8,138.3,11.7,10.6,50.2,15.4,14.4,11.8,51.1,17.8,15.1,13.1,51.1,18.4,15.7,13.2,51.1,18.8,16,13.5,50.6,19.6,17.1,14.5,50.6,20.8
05570,LK Warendorf,99.4,133.5,0.1,0,0.8,0.2,0.2,0,1.3,0.4,0.2,0,1.3,0.5,0.3,0.1,1.3,0.5,0.3,0.1,1.3,0.5,0.3,0,1.3,0.5
05711,SK Bielefeld,111.4,162.2,12.5,12.5,44.6,16.5,14.4,14,48.4,19.7,14.8,14.6,48.4,20.3,15.2,14.8,48.7,20.7,15.8,15.2,48.7,21.2,16.4,15.9,49.4,22.4
05754,LK Gütersloh,123.8,179.2,7.7,6.9,34.3,9.7,8.9,8.3,39.7,11.1,9.3,8.9,39.7,11.1,9.5,8.5,39.4,11.3,9.9,8.9,40.7,11.5,10.2,9.2,41.9,11.4
05758,LK Herford,123.8,142.5,4.8,3,21.8,6.9,5.3,3.5,22.2,7.7,5.4,3.6,22.2,7.8,5.4,3.5,22.2,7.8,5.5,3.9,22.2,7.7,5.6,4.3,21.1,7.7
05762,LK Höxter,59.7,73.4,3.1,1.4,35.9,3.9,4.5,2.8,42.7,6.1,5.1,3.3,43.8,6.4,5.8,3.7,43.8,7,6.2,3.9,44.9,7.6,6.6,4.3,44.9,8.2
05766,LK Lippe,138.2,177.8,0.5,0,28.3,0.2,0.6,0,28.3,0.2,0.2,0,1.6,0.2,0.3,0.2,1.6,0.4,0.3,0.2,1.6,0.4,0.3,0.2,1.6,0.4
05770,LK Minden-Lübbecke,132.5,160.4,0.5,0.2,13.3,0.3,0.6,0.2,13.8,0.4,0.7,0.3,13.8,0.5,0.7,0.3,14,0.5,0.7,0.3,14,0.5,0.5,0.3,4.2,0.5
05774,LK Paderborn,84.7,113,8,6.2,30.6,11.6,10.8,8.3,32.4,15.4,12.1,9.2,32.4,16.9,13.6,10.6,35.2,19.4,14.2,11,35.8,19.8,15.5,12.2,35.8,21.6
05911,SK Bochum,116.1,142.5,1.3,0.6,8.5,2,1.5,0.6,9.4,2.2,1.6,0.8,9.1,2.1,1.7,1,9.5,2.4,1.8,1,9.4,2.5,1.8,1.3,9.1,2.2
05913,SK Dortmund,131.3,187.7,1.4,0.6,20.5,1.7,1.8,0.9,20.6,2.1,1.9,1.2,20.6,2.4,2.1,1.3,20.9,2.7,2.2,1.4,21.1,2.6,2.4,1.7,21.4,3
05914,SK Hagen,189.9,250.2,1.8,1.4,6.8,2.4,2.7,2.4,7.9,3.7,3.1,3,9.5,4,3.3,3.1,9.5,4.4,3.3,3.1,10,4.4,3.4,3.1,10,4.7
05915,SK Hamm,150.5,219.5,4.5,2.6,27,5.6,6.9,5.6,32.8,8.1,8.3,7.2,33.9,10.1,9.3,8.6,35.7,11.3,9.7,8.7,35.7,11.7,10.3,9.4,35.7,12.2
05916,SK Herne,173.7,204.5,2.5,0.9,30.4,2.2,3.5,1.6,34.1,3.4,4.1,2.2,33.4,4.2,4.8,2.6,31.9,5,5.1,2.9,31.9,5.3,5.8,3.2,32.6,5.9
05954,LK Ennepe-Ruhr-Kreis,109.3,132.7,7.6,7,46.3,10.5,8.1,8,46.3,11.1,8.3,8.2,46.3,11.5,8.4,8.2,46.3,11.7,8.6,8.2,46.3,11.8,8.7,8.1,46.3,12.1
05958,LK Hochsauerlandkreis,117.2,140.1,0.3,0,6.7,0,0.3,0,6.7,0.3,0.3,0,6.7,0.3,0.3,0,6.7,0.3,0.3,0,6.7,0.3,0.4,0,6.7,0.5
05962,LK Märkischer Kreis,190,220.4,0.3,0.2,2.1,0.4,0.5,0.4,2.6,0.6,0.5,0.4,2.4,0.7,0.6,0.5,2.4,0.8,0.6,0.5,2.2,0.9,0.7,0.6,2.1,1
05966,LK Olpe,119,170.2,0.1,0,1.8,0,0.2,0,1.8,0,0.2,0,1.8,0,0.2,0,1.8,0,0.2,0,1.8,0,0.2,0,1.8,0
05970,LK Siegen-Wittgenstein,150.3,188.5,3.1,1.5,25.8,4.9,3.1,1.6,25.8,4.9,3.1,1.6,25.8,4.7,3.1,1.4,25.8,4.6,3.1,1.5,25.8,4.7,3.2,1.9,25.8,4.9
05974,LK Soest,81.2,92.1,7.5,6.6,21.7,9.6,9,7.6,24,11.4,9.5,7.8,24,11.7,9.9,8,25,12.1,10.1,8,25.7,12.8,11,10,26.2,13.5
05978,LK Unna,127.7,181.8,1.9,0.3,81.1,0.8,2.2,0.4,81.1,0.9,2.3,0.5,81.1,1,2.5,0.5,78.7,1.3,2.7,0.7,78.7,1.6,3.3,1.3,76.4,3.3
06411,SK Darmstadt,85.8,105.7,1.8,0.6,18.5,1.6,2.1,1,18.5,2.3,2.4,1.3,18.5,2.9,2.9,1.4,18.5,3.6,3.1,1.4,19.9,3.6,4,1.5,24,6.5
06412,SK Frankfurt am Main,132.4,154.1,2.9,1.9,23.4,3.5,3,1.8,23.4,3.9,3,1.8,23.4,4.2,2.9,1.9,22.9,4.4,2.9,1.7,22.7,4.4,2.7,1.3,22.7,4.1
06413,SK Offenbach,217.3,259.4,5.5,5,18.3,7.7,6.7,6.4,20.2,9.2,7.2,7,21.5,9.8,7.6,6.8,22.5,10.7,7.7,6.8,23.1,10.7,7.8,7.3,18.1,10.4
06414,SK Wiesbaden,109.2,139.3,2.5,0.3,33.2,1.6,2.8,0.5,33.2,2.5,2.9,0.6,33.2,2.8,3,0.6,33.2,3.1,3,0.7,33.2,2.8,2.9,0.8,33.2,3.3
06431,LK Bergstraße,106.7,128,3.6,0.9,20.2,5.1,5.5,2.2,30.4,6.8,6.6,3.2,36.1,9.2,8,4.4,36.5,11.2,8.9,6,37,11.5,10.6,7.5,38.7,12.9
06432,LK Darmstadt-Dieburg,97.4,116.2,1.1,0.6,10.9,1.5,1.4,0.8,10.6,1.7,1.5,1,10.5,2,1.6,1.1,10.5,2.1,1.5,1.1,9.3,2.2,2,1.2,9.3,3.1
06433,LK Groß-Gerau,137.5,164.7,2.1,1.6,10.9,2.9,2.6,1.9,10.9,3.4,2.7,2,10.9,3.7,3,2.5,12.1,3.9,3.2,2.8,11.5,4.3,3.5,3.2,11.2,4.9
06434,LK Hochtaunuskreis,106.7,129.2,1.3,0,15.4,1,1.3,0.3,15.4,1,1.3,0.3,15.4,1,1.4,0.4,15.4,1.2,1.4,0.4,15.4,1.5,1.6,0.4,15.4,2.2
06435,LK Main-Kinzig-Kreis,141.6,167.6,3.3,3.3,22,4.5,5.2,4.4,25.1,7.1,6,5,25.6,7.8,6.5,6,25.3,7.9,6.7,6.2,26.2,8.5,6.9,6.1,26.5,8.7
06436,LK Main-Taunus-Kreis,102,132,1.6,0,15.2,2.6,1.7,0,15.2,2.6,1.7,0,15.2,2.5,1.8,0.1,15.2,2.5,1.9,0.3,15.2,2.6,2.1,0.4,15.2,2.8
06437,LK Odenwaldkreis,104.6,138.6,0,0,1.1,0,0,0,1.1,0,0,0,1.1,0,0,0,1.1,0,0,0,1.1,0,0,0,1.1,0
06438,LK Offenbach,128.7,149.8,2.6,2.1,10.7,3.6,3.2,2.6,11.5,4.6,3.5,3,11.7,4.9,3.5,3.1,11.7,5.2,3.6,3.5,11.9,5,3.7,3.5,11.9,5.4
06439,LK Rheingau-Taunus-Kreis,91.7,124.5,1.2,0.2,10,1.5,1.8,0.4,10,3.5,1.9,0.6,8.7,3.7,2.1,0.8,8.7,3.6,2.2,0.8,9.5,3.6,2.8,1.3,9.5,4.7
06440,LK Wetteraukreis,97.6,111.9,6.9,7.1,22.8,10.2,10.2,9.7,28.8,13.4,12.2,12,29.4,15.6,14.7,13.7,34.8,17,17,15.9,36.2,20.4,21.5,22.3,40.1,25
06531,LK Gießen,140.9,180.3,12.3,2.9,205.9,10.8,18,6.2,257,21.1,20.9,5,264.2,24.9,24.2,5.4,264.2,30.1,25.6,7,266.6,31.4,30.9,12.3,271.8,41.6
06532,LK Lahn-Dill-Kreis,167.3,191.9,6.2,3.5,32.3,8.8,7.9,5.1,32.7,9.5,8.2,5.1,32.3,9.8,8.4,5.5,32.3,10.5,8.4,5.5,32.3,9.8,9.2,6.5,31.9,12.2
06533,LK Limburg-Weilburg,161.7,192,4.4,2,39.1,6.6,5.5,2.8,40.1,7.4,6,3.5,40.1,7.6,6.4,4.2,42.7,8.5,6.5,4.5,42.1,10.1,6.7,4.7,42.1,11.1
06534,LK Marburg-Biedenkopf,137.2,168,2.7,0.6,42.7,2.4,3.4,1,42.7,3.1,3.7,1.5,43.1,3.1,3.7,1.9,43.1,3.1,3.8,1.6,43.1,3.1,3.9,1.5,42.7,3.1
06535,LK Vogelsbergkreis,119.9,166.6,0.2,0,3.2,0,0.3,0,3.2,0,0.4,0,3.2,0,0.5,0,3.2,0.6,0.5,0,3.2,0.5,0.5,0,3.2,1
06611,SK Kassel,126.6,172.7,0.5,0,11.1,0.3,0.7,0,11.1,0.5,0.8,0.3,11.1,0.6,0.8,0.4,11.1,0.6,0.9,0.4,11.1,0.8,1.1,0.6,11.9,0.9
06631,LK Fulda,187.7,240.7,4.7,3.8,20.6,5.2,6.3,4.7,32.2,6.9,6.9,5.2,33.3,8.6,7.4,5.5,33.3,9.2,7.7,5.8,33.6,9.5,8.1,6,33.6,10.5
06632,LK Hersfeld-Rotenburg,195.8,258.5,2.3,0.6,35.2,1.7,2.5,0.9,35.2,1.7,2.5,1,33.2,2.2,2.5,1,33.2,2,2.6,1.1,33.2,2.1,2.8,1.4,33.2,2.2
06633,LK Kassel,96.9,127.6,0.5,0,22.3,0.1,0.6,0,22.3,0.3,0.6,0,22.3,0.3,0.6,0,22.3,0.4,0.7,0,22.3,0.4,0.8,0,22.3,0.7
06634,LK Schwalm-Eder-Kreis,82.7,117.4,3.1,0.8,38,3.7,3.2,1.3,40.2,3.2,3.1,1.2,40.2,2.9,3,1.2,40.2,3.2,2.7,1.2,40.2,3.2,2.4,1.1,40.2,2.3
06635,LK Waldeck-Frankenberg,93,111.9,2.3,0,23.9,0,2.8,0,35.1,0.3,3.2,0,35.1,0.4,3.3,0,35.1,0.5,3,0,35.1,0.5,3.5,0,35.1,0.8
06636,LK Werra-Meißner-Kreis,107.8,133.2,0.8,0,13.7,0,1.1,0,13.7,0,1.1,0,14.3,0,0.7,0,10.1,0,0.7,0,10.1,0,0.7,0,10.1,0.8
07111,SK Koblenz,95.4,126.3,10.1,8.9,64.2,14.6,12.2,10.1,68.6,16.9,12.7,11,67.1,16.7,13.3,11.8,65.6,19,13.7,11.8,65.6,19.4,13.8,12,65.6,19.3
07131,LK Ahrweiler,92.4,111.5,1.9,0,19.1,1.3,2.6,0,25.5,2.4,2.9,0.3,24.3,3.5,3.2,0.7,24.3,3.9,3.5,0.8,24.3,4.6,3.7,0.8,24.3,5.5
07132,LK Altenkirchen,139.9,155.3,11,9.1,49.2,14.5,12.4,10.6,49.2,15.6,13.4,11,50.1,17.7,14,11,50.1,18.7,14,10.9,51,18.4,15,11.5,51.9,20.8
07133,LK Bad Kreuznach,85,132,0.6,0,16.5,0,0.6,0,16.5,0,0.7,0,16.5,0,0.7,0,16.5,0,0.7,0,16.5,0,0.8,0,16.5,0
07134,LK Birkenfeld,101.8,138.4,4.6,2.5,37.7,7.1,7,5.3,37.7,9.2,8.7,7.6,42,10.2,9.5,7.7,45.2,11.8,9.5,7.7,45.2,12.2,9.9,8.4,45.2,12.4
07135,LK Cochem-Zell,47.3,63.5,11.1,7.8,100,15.6,14.8,10,166.3,16.8,15.5,11.5,166.3,18.1,15.8,11.1,166.3,18.2,15.7,11.1,166.3,18.1,16.7,11.6,166.3,18.3
07137,LK Mayen-Koblenz,105.1,149.2,8.5,6.9,55.7,11.1,9.4,7.4,59.8,12.3,9.2,7.4,59.1,11.7,8.5,6.6,59.1,10.6,8.6,6.4,59.1,11,9.3,6.5,59.1,12.1
07138,LK Neuwied,139.4,178.9,3.3,0,33.8,0.7,3.4,0,33.8,0.7,3.4,0,33.8,0.7,3.6,0,33.8,0.8,3.7,0,33.8,0.8,4,0,33.8,2.2
07140,LK Rhein-Hunsrück-Kreis,87.6,110.5,11.4,10.4,39.5,15.5,11.3,10.5,39.5,15.5,11.4,10.4,39.5,15.5,11.5,10.4,39.5,15.8,11.6,10.4,39.5,16.3,11.8,10.5,39.5,16
07141,LK Rhein-Lahn-Kreis,88.1,103.8,8.5,5.3,30.8,11,8.6,5.5,30.8,11,8.7,5.6,30.8,11.1,8.8,5.8,30.8,11.7,8.7,5.6,30.8,11.3,8.8,6.6,30.8,12
07143,LK Westerwaldkreis,104.6,131.7,9.1,8.1,22.3,13.9,9.2,8.2,22.3,14,9.1,8.2,22.3,14,9.1,8.2,21.7,13.9,9,8.4,21.7,13.7,9.1,8.5,21.7,14
07211,SK Trier,58,75.3,10.8,8.5,67,13.2,12.4,9.7,67,15.4,12.9,10,67,16.3,12.8,10,67,15.4,13.1,10.3,67,15.9,13.4,10.4,67,16.5
07231,LK Bernkastel-Wittlich,64,104.9,3.2,1.8,28.9,4.1,3.3,1.9,28.9,4.2,3.3,1.9,28.9,4.4,3.4,1.9,28.9,4.6,3.4,1.9,28.9,3.9,3.4,1.9,28.9,3.9
07232,LK Bitburg-Prüm,76.2,94.9,7.6,4,56.7,9.9,8.8,4.3,56.7,11.6,9.3,5.3,56.7,13.1,10,5.7,56.7,14.2,10.4,6.5,61,14.6,11.2,6.8,61,14.6
07233,LK Vulkaneifel,81.8,110.5,0.5,0,9.9,0,0.6,0,9.9,0,0.6,0,9.9,0,0.6,0,9.9,0,0.6,0,9.9,0,0.7,0,9.9,0
07235,LK Trier-Saarburg,62.9,77,11.1,9.6,45.2,15.5,12.7,9.5,47.2,18.1,13.4,10.4,47.2,18.8,13.6,10.7,47.2,18.6,14,12.2,47.2,18.4,14.1,10.6,47.2,19.5
07311,SK Frankenthal,108.3,139.5,6.1,4.7,27,8.1,6.9,5.9,27,10.2,7.3,6.7,27,11.3,7.6,6.5,27,11.1,7.3,6.2,27,10.4,7,5.5,27,10
07312,SK Kaiserslautern,80.2,137,6.2,3.9,49,8.6,7.5,6.2,51,9.4,7.5,6.2,51,9.3,7.7,6.2,51,9.5,7.4,6.2,51,9.4,6.8,5.5,51,8.6
07313,SK Landau i.d.Pfalz,75.3,117.3,13.6,8.6,71.2,20.7,18.7,15.2,107,22.4,20.8,15.1,121.1,24.8,23.2,17.1,114,29.3,24.7,19.2,121.1,33,27.2,22.1,128.4,33.7
07314,SK Ludwigshafen,156.4,194.5,5.5,4.5,16.9,7.8,5.7,4.7,16.9,8,5.6,4.7,16.9,7.6,5.6,4.8,16.9,7.8,5.5,4.7,16.9,7.9,5.4,4.9,15.6,7.6
07315,SK Mainz,111.6,153.3,6,5.4,18.6,8.2,5.9,5.4,18.1,8.1,5.9,5.1,17.8,8,5.7,5.1,16.5,8,5.8,5.3,16.5,7.9,5.8,5.2,16.5,8.1
07316,SK Neustadt a.d.Weinstraße,60.8,82.6,9.2,7.1,50.2,12.3,10.9,8.9,50.2,14,11.6,9.8,50.2,14.6,11.7,9.8,50.2,15.1,11.8,9.8,50.2,14.8,13.2,10.4,50.2,15.6
07317,SK Pirmasens,112.9,144.2,4.1,0,49.9,5,4.2,0,49.9,4.6,4.2,0,49.9,4.6,4.3,0,49.9,4.4,4.2,0,49.9,4.3,4.5,1.6,49.9,4.3
07318,SK Speyer,130.6,182,5.1,1.7,56.2,5,6.1,2.5,56.2,6.5,6.6,3.2,56.2,6.7,7.1,3.8,56.2,6.7,6.5,4.3,59.4,6.7,7.1,4.5,62.4,9.3
07319,SK Worms,144.5,202.3,8.4,7.4,29.6,11.8,9,7.6,29.6,12.5,9.5,8,29.6,12.8,10,8.8,29.6,13.3,9.9,8.5,31.1,13.7,10.1,8.7,31.1,13.7
07320,SK Zweibrücken,70.4,99.4,4.5,0,42.4,5.5,4.6,0,42.4,5.6,4.8,0,42.4,5.8,4.9,0,42.4,5.9,4.5,0,42.4,5.8,4.7,0,42.4,6
07331,LK Alzey-Worms,98.9,131.9,8.5,7.3,37,12.3,8.9,8.3,37.2,12.8,9.1,8.3,37.2,13.1,9.3,8.3,37.2,13.2,9.2,8.2,37.2,13.1,9.8,8.2,38.2,12.8
07332,LK Bad Dürkheim,74.3,97.2,8.8,6.9,51.9,13.3,9.3,7,51.9,12.9,9.8,8.1,51.9,14.3,10.3,8.1,53.6,14.7,10.5,8.3,55.5,14.8,11.3,9,55.5,14.8
07333,LK Donnersbergkreis,101.1,150,4.7,1.6,24.4,7.2,5.8,2.7,34.4,9.2,6.4,3.1,34.4,11.1,7.3,4.5,35.9,11.9,7.5,4.5,35.9,12.8,7.9,4.6,37.3,13.4
07334,LK Germersheim,135.4,154.2,4.2,1.6,24,5,4,1.1,24,5,3.9,1,24,5,4,1,24,5.1,3.9,1,24,4.7,3.9,0.8,24,4.7
07335,LK Kaiserslautern,76.9,115.1,5.2,4,64.1,7.2,6,4.8,62.4,7.8,5.9,4.5,62.4,8,6.1,4.5,62.4,8.3,6.2,4.5,62.4,8.3,6.2,4.3,62.4,8.2
07336,LK Kusel,57.2,66.9,11.4,8.9,71,14.4,14.6,10.6,71,20.2,16.2,12.4,71,22.7,17.1,13.9,71,23.6,17.2,13.6,71,23.5,17.2,13.3,71,23.8
07337,LK Südliche Weinstraße,79.5,106.8,12,8.1,56.1,16.4,14.8,10.6,83.8,18.3,15.8,10,95.4,20.8,16.8,11,100,22.9,17.1,11.2,106.9,24.2,16.8,10.7,97.7,23.6
07338,LK Rhein-Pfalz-Kreis,102.8,126.1,5.7,4.1,21.5,8.7,6.1,5.1,24.2,8.8,6,4.8,16.7,8.5,6.1,4.9,17.2,9.7,5.9,4.7,17.2,7.8,5.9,4.5,17.2,8.3
07339,LK Mainz-Bingen,81.4,109.3,5.7,4.7,24.2,7.8,5.6,4.7,24.2,7.7,5.6,4.5,25.5,7.6,5.5,4.3,25.5,7.5,5.7,4.2,24.2,7.7,5.9,4.1,25.5,8.4
07340,LK Südwestpfalz,77.7,93.9,4.4,1.5,30.9,6.8,4.5,2,30.9,6.9,4.6,2,30.9,6.6,4.7,2,31.9,6.7,4.4,2,31.9,6.4,4.8,2.5,31.9,6.6
08111,SK Stuttgart,129.8,204.7,2.5,1.9,12.4,3.4,2.4,1.9,12.2,3.4,2.4,1.6,12.1,3.3,2.4,1.6,12.1,3.2,2.3,1.6,12.1,3.1,2.1,1.6,12.1,2.6
08115,LK Böblingen,97.8,146.9,7.5,7,44.8,11,10.2,10.2,46.4,14.2,11.9,12,47.2,15.4,13.8,13.3,47.2,17,15.2,14.7,47.2,18.2,17.1,16,50.9,20.9
08116,LK Esslingen,140.7,184.3,3.7,2.9,13.5,5.8,4.2,3.9,13.8,6.4,4.2,3.7,13.5,6.5,4.2,3.9,13.2,6.5,4.1,3.9,13.3,6.2,4.2,3.4,13.3,6.5
08117,LK Göppingen,152.1,223.1,5.9,4,52.2,8.1,6.6,4.5,52.2,8.6,6.7,4.8,51.6,8.2,5.7,4.6,34.8,8,5.5,4.4,34.8,8,5.2,4,34.8,7.4
08118,LK Ludwigsburg,125.3,180.8,5.8,5.6,26.4,8.1,7.1,6.6,26.7,10,7.8,7.3,27,10.4,8.7,9.1,27.2,10.7,9.5,9.6,27,11.6,9.8,9.9,18.8,11.9
08119,LK Rems-Murr-Kreis,128.5,189.4,4.1,2.5,50.2,4.7,4.7,3.1,51.4,5.5,4.8,3.1,51.4,5.6,4.3,3,51.4,5.1,4.4,3,51.4,5.3,4.5,3,51.4,5.5
08121,SK Heilbronn,169.1,263,4.7,2.9,29.2,7.2,5.6,3.9,29.2,8.1,6.1,4.1,30.3,9.1,6.5,4.6,33.7,9.2,6.6,4.7,33.7,9.5,6.6,4.7,33.7,9.1
08125,LK Heilbronn,148.3,216.6,3.4,2.4,17.6,4.7,3.8,2.8,18.1,5.1,3.9,2.6,18.8,5.5,3.9,2.1,19.1,5.8,4,2.3,19.1,6.4,4.3,3.4,19.6,6.6
08126,LK Hohenlohekreis,194.8,249.4,2.7,1.3,13.9,3.4,3.3,2.3,15.5,4.5,3.7,2.8,15.9,4.9,4,2.9,17.1,5,4.2,3.1,17.1,5.1,3.7,2.7,17.1,4.7
08127,LK Schwäbisch Hall,267.1,303.9,0.6,0.2,10.8,0.4,0.7,0.4,10.8,0.5,0.8,0.4,11.2,0.7,0.9,0.6,11.4,0.8,1,0.7,11.4,0.9,1.1,0.6,11.8,1.1
08128,LK Main-Tauber-Kreis,119.6,164.7,3.4,0.6,39.4,3.4,3.7,0.7,44.2,3.7,3.8,0.6,45.2,3.8,4,0.8,45.2,3.7,4.1,0.9,45.2,3.8,4.1,1,44.2,3.4
08135,LK Heidenheim,147.3,233.5,3.7,1.4,19.7,6,3.8,1.4,19.7,6.1,3.8,1.3,19.7,6.2,3.9,1.4,19.7,6.3,3.9,1.4,19.7,6.2,3.5,1.4,18.6,6.1
08136,LK Ostalbkreis,145.2,215.6,3.9,2.4,34.1,5.4,4.9,3.8,34.6,6.1,5.4,4,35.1,7.5,5.8,4.5,35.4,8.3,6,4.7,35.2,8.3,5.5,5,15.7,8.1
08211,SK Baden-Baden,118.1,146.8,1.8,1.1,12.3,2.9,1.8,1.1,12.3,3,1.8,1.1,12.3,3,1.8,1.1,12.3,2.8,1.9,1.1,12.3,2.8,1.8,1.1,12.3,2.4
08212,SK Karlsruhe,108.1,133.6,2.9,2.4,12.5,3.8,3.2,2.5,13.1,4.2,3.3,2.6,12.4,4.1,3.3,2.5,12.4,3.7,3.4,2.6,12.2,3.9,3.2,2.3,11.7,3.8
08215,LK Karlsruhe,118.7,145.1,2.8,2.3,8.9,4.2,3.1,2.5,9.5,4.7,3.2,2.6,9.5,4.8,3.2,2.6,10,4.7,3.1,2.6,9.4,4.7,3,2.6,9.3,4.4
08216,LK Rastatt,157.3,193.2,1.5,0.6,11.4,2.3,1.5,0.6,10.8,2.1,1.5,0.7,10.5,2.2,1.5,0.7,10.5,2.2,1.5,0.8,10.5,2.1,1.7,1.1,10.2,2.3
08221,SK Heidelberg,67.7,80.5,2.9,2.4,11,4.2,3,2.1,12,4.5,2.9,2.3,13,4.1,2.9,2.4,13.9,4.1,2.8,2.3,13.9,4,2.2,1.8,7.4,3.4
08222,SK Mannheim,152.2,185.7,0.3,0.2,2.6,0.4,0.5,0.3,3.1,0.5,0.5,0.4,2.2,0.7,0.6,0.4,2.7,0.8,0.7,0.5,3,1,1.2,0.8,4.4,1.6
08225,LK Neckar-Odenwald-Kreis,106.9,163.6,2.8,1.5,15.8,3,3.7,1.8,17.7,4.7,4.1,2.8,17.7,4.8,4.5,3.6,17.7,5.4,4.7,3.7,17.7,5.4,4.8,3.8,17.7,5.5
08226,LK Rhein-Neckar-Kreis,107.4,139.9,1.9,1.2,10,3,1.9,1.1,9.9,3.2,1.9,1.1,9.4,3,1.8,1.1,9.1,2.8,1.8,1.2,8.8,2.6,1.7,1.1,5.7,2.2
08231,SK Pforzheim,119.5,177,4.1,2.6,34.6,5.3,6.6,5.3,34.6,8,7.6,6.5,37.4,9,8,6.7,37.4,9.5,8.4,7.2,37.4,10.3,8.5,7.4,37.4,11.7
08235,LK Calw,118,150.8,3.8,3.4,23.2,5.7,4.4,3.7,24.3,6.8,4.7,4,24.3,6.9,4.9,4.5,24.3,7.3,5.1,4.8,24.3,7.4,5.5,5.5,24.3,7.7
08236,LK Enzkreis,119.4,192.9,2.9,1.7,41.1,3.4,4.5,3.4,41.1,5.3,5.1,4,42.6,5.5,5.4,4.5,42.6,5.8,5.6,4.5,42.6,5.9,5.7,4.5,42.6,5.9
08237,LK Freudenstadt,131.3,168.3,5.4,3.3,40.1,8.6,5.9,3.5,41.3,8.9,6,3.5,41.3,8.9,6.1,4.3,41.3,8.7,6.2,4.3,41.3,8.9,6.4,4.4,41.3,9
08311,SK Freiburg i.Breisgau,66.6,82.6,7.5,5.8,35.7,9.4,8.2,7.2,34.9,10.3,8,7.1,34.9,9.8,7.8,6.8,33.9,9.5,7.7,6.8,33.1,9.3,8.1,6.4,34.9,10
08315,LK Breisgau-Hochschwarzwald,67.7,77,7.7,6.3,41.5,10.4,8.3,7,45.5,10.9,8.4,6.7,47.6,11.1,8.1,6,47.6,11.1,8.2,6.2,46.2,10.9,8.5,6.2,46.2,11.2
08316,LK Emmendingen,88.9,102.8,5.7,5.2,26.7,7.9,8.9,8.2,36.2,12.1,10.7,10,41.8,13.5,12.4,12.2,41.8,15.2,13.6,13.3,43.7,17.2,16.5,16.2,45.6,20
08317,LK Ortenaukreis,110,145,7.9,5.4,36.6,11.8,9.2,6.6,44.7,13.3,9.5,7.3,44.7,13.7,9.9,7.8,45.2,13.7,10.4,7.9,44.9,14.4,9.5,7.8,25.2,13.8
08325,LK Rottweil,127.3,191.6,7.4,4.7,36.6,9.1,9,6,40.3,11,9.7,7,42.2,11.9,10.4,7.3,44.1,12.6,10.6,7.4,46,13.1,11.2,8.3,46,14.3
08326,LK Schwarzwald-Baar-Kreis,117.8,173.2,6.5,4.4,26.7,10.1,6.7,5.4,26.7,9.5,6.7,5.2,26.7,9.7,6.8,5.2,26.7,10.1,6.9,5.2,26.7,10.4,6.9,5,26.7,10.5
08327,LK Tuttlingen,150.8,221.6,1.4,0,32.2,0.3,1.6,0,32.2,0.5,1.6,0,32.2,0.6,1.7,0.2,32.2,0.7,1.8,0.1,32.2,0.8,1.7,0,32.2,0.7
08335,LK Konstanz,120.4,148.8,9.2,6.4,37.2,14.3,12,8.1,47.5,19.6,13.1,9.2,51.8,21.9,14,11.1,52.8,23.3,14.8,12.2,53.8,23.6,16.3,14.2,53.8,24.6
08336,LK Lörrach,85.7,99.2,0.8,0,36.1,0.5,0.9,0,34.9,0.7,0.9,0,34.9,0.8,1,0,34.9,0.7,0.9,0,34.4,0.6,0.3,0,1.8,0.6
08337,LK Waldshut,98.4,112.3,8.3,6.4,29.9,11,11.6,10.2,37.9,14.3,12.8,11.1,37.9,16,13.9,12,38.4,17.1,14.7,13.1,37.9,18.5,16.3,15.3,38.4,20.1
08415,LK Reutlingen,120.6,143.9,7.3,7.2,20.3,10,8.7,8.6,22.6,10.8,9.5,9.4,23.9,12.3,9.9,9.7,23.9,12.7,10.2,9.7,23.9,12.8,10.6,10.3,23.9,13.3
08416,LK Tübingen,106.5,150.9,3.3,2.4,16.3,4.2,4.4,3.3,17.4,5.7,4.8,4,18.2,6.6,5,3.9,18.2,6.7,5.1,3.9,18.2,7.1,4.8,3.8,18.2,7.1
08417,LK Zollernalbkreis,132.8,175.9,0.7,0,18.5,0.2,0.7,0,18.5,0.4,0.7,0,18.5,0.4,0.7,0,18.5,0.4,0.8,0,18.5,0.4,0.3,0,7.4,0.3
08421,SK Ulm,133,190.9,1.8,1,18.6,2.1,2.2,1.3,20,2.5,2.3,1.3,20,3.4,2.3,1.3,19.7,3.2,2.4,1.3,18.3,3.8,2.4,1.5,10.4,3.4
08425,LK Alb-Donau-Kreis,128.2,168.5,1.7,1,15.9,2,2.1,1.3,16.5,2.6,2.2,1.5,16.5,2.6,2.3,1.7,16.5,2.8,2.3,1.7,16.2,2.8,2.1,1.6,12.4,2.4
08426,LK Biberach,142.4,193.8,8.2,5.8,75.6,11.3,8.7,7.4,75.6,11.4,8.5,6.7,75.6,10.8,8.4,6.9,75.6,10.7,8.6,7.3,75.6,11.1,8.7,6.9,75.6,10.8
08435,LK Bodenseekreis,102.2,128.3,2.8,1.8,28.9,3.6,3.7,2.9,32,4.8,4,3.1,33.1,5.2,4.5,3.4,33.8,5.6,4.7,3.8,33.8,5.9,4.3,3.6,14.5,6.4
08436,LK Ravensburg,109.5,150.3,3.5,2.8,38.1,4.4,4.3,3.6,39.5,5.7,4.8,4.1,40,6.1,5.2,4.3,39.5,6.5,5.6,4.9,39.2,6.5,5.3,5,12.9,7.6
08437,LK Sigmaringen,149.8,181.9,6.4,5,42.5,7.3,8.1,6.9,42.5,9.9,8.9,7.2,43.1,10.5,9.5,7.5,43.5,11.3,9.8,7.8,44,11.3,10.3,8,44.6,12
09161,SK Ingolstadt,109.3,156.5,7.1,0.7,55.5,9.7,7.3,0.8,55.5,9.8,7.4,0.9,55.5,9.9,7.6,1.4,55.5,10.5,7.9,1.5,55.5,11.4,8.5,1.5,55.5,13.1
09162,SK München,99.3,127.9,5.6,5.7,28.5,6.9,6.1,5.9,28.9,7.5,6.2,6,29.7,7.4,6.2,6.2,29.9,7.7,6.3,6.2,29.9,7.8,6.2,6.3,30.5,7.4
09163,SK Rosenheim,140.7,163.6,0.7,0,8.2,1,1,0,7,1.8,1.3,1,6.7,2,1.7,1.7,6.2,2.7,1.9,1.9,5.8,2.8,2.1,1.9,6.2,2.9
09171,LK Altötting,160.2,208,1.9,1.5,8.3,2.9,2.4,1.7,11.3,3.3,2.6,1.8,12.3,3.4,2.8,1.8,12.3,3.8,2.9,2,13.3,4.2,3,2.2,13.3,4
09172,LK Berchtesgadener Land,116,135.9,4.2,2.8,24.2,5.2,4.7,3.3,24.2,6.3,5,3.4,26.3,6.7,5.2,3.6,26.3,7.1,5.5,4.2,26.3,8.2,5.6,4.2,27.3,8.2
09173,LK Bad Tölz-Wolfratshausen,91,139.9,6.1,3.6,36.4,8.3,7.4,5.5,41.5,10.7,8,5.7,41.5,11.4,8.4,6.3,39.7,11.5,8.7,6.4,39.7,11.7,9.7,7.8,39.7,13.1
09174,LK Dachau,132.3,174.3,5.6,3.7,36,6.8,6,3.7,38.5,6.9,6,3.8,38.5,6.7,6.1,3.8,38.5,6.9,6,3.7,39.4,6.7,6.5,3.7,39.8,7.7
09175,LK Ebersberg,89,114.9,1.6,0,27.1,0.8,1.4,0,19.4,1.1,1.4,0,19.4,1.1,1.4,0,19.4,1,1.6,0.2,19.4,1.6,1.4,0.6,15.1,1.5
09176,LK Eichstätt,107.3,155,1,0,40.4,0,1.1,0,40.4,0,1.2,0,40.4,0.5,1.3,0,40.4,0.5,1.4,0,40.4,0.7,1.7,0.5,40.4,0.9
09177,LK Erding,108.5,152.7,6,1,131.5,3.9,7,1.5,128.1,6.1,7.4,1.6,128.1,7.4,7.7,1.6,128.1,8.3,8,1.8,128.1,8.7,8.8,2.4,128.1,10.5
09178,LK Freising,130.6,160,1.9,0.3,18,1.1,2.6,0.5,19.4,1.7,3.2,0.7,31.7,2.1,3.4,0.8,31.7,2.2,3.4,0.8,31.7,2.2,4,1.4,31.7,2.8
09179,LK Fürstenfeldbruck,102.4,131.8,3.2,1.1,30.4,3.3,3.5,1.3,29.6,3.7,3.6,1.3,29.6,3.9,3.3,1.3,29.6,3.3,3.2,1.2,29.6,3.1,3.6,1.3,29.6,3.3
09180,LK Garmisch-Partenkirchen,90.6,113.1,10.1,2,80.4,13.4,11.4,3,90.1,14.7,11.7,3.8,90.1,14.3,12.5,5.2,90.1,15.3,12.8,5.7,90.1,14.8,14.7,6.5,90.1,18.8
09181,LK Landsberg a.Lech,75.6,101.4,4,1.8,24.7,5.8,4.1,1.9,24.7,6,4.3,1.9,24.7,6.1,4.3,1.9,26.9,6.3,4.4,1.9,26.9,6.3,4.6,1.9,26.9,6.5
09182,LK Miesbach,101.2,135,0.2,0,3.4,0,0.3,0,3.6,0,0.4,0,3.6,0,0.4,0,3.6,0,0.4,0,3.6,0,0.4,0,3.6,0
09183,LK Mühldorf a.Inn,186.3,258.9,0.4,0,2,0.8,0.6,0.5,3.3,0.9,0.7,0.6,3.7,0.9,0.9,0.8,4.4,1.3,1,0.8,4.4,1.3,1,0.8,4.4,1.4
09184,LK München,96.7,123.5,4.2,3.6,19,5.2,4.3,3.5,18.6,5.2,4.3,3.3,18.3,5.3,4.1,3.3,18.3,5.2,4.1,3.4,18.3,5.1,3.5,2.4,18,4.4
09185,LK Neuburg-Schrobenhausen,111.4,147,7.3,5.7,34.1,10.4,7.6,5.7,34.1,10.5,7.6,5.7,34.1,10.5,7.6,5.5,35.5,10.3,7.9,5.7,35.5,10.4,7.9,5.1,34.8,10.8
09186,LK Pfaffenhofen a.d.Ilm,123.9,159.9,2.5,1.6,29.7,3.1,2.5,1.5,29.7,3.3,2.5,1.6,29.7,3,2.7,1.6,29.7,3.4,2.8,1.8,29.7,3.6,3.2,2.1,29.7,4.5
09187,LK Rosenheim,102.7,114.4,0.4,0.3,2.2,0.6,0.7,0.5,3,1.1,1,0.9,3.7,1.6,1.5,1.5,4,2.1,1.8,1.8,4,2.3,2,2.1,4.4,2.4
09188,LK Starnberg,82.2,105.4,6.6,4.8,28.1,8.3,6.8,4.8,28.1,8.6,6.7,4.8,28.1,8.5,6.7,4.8,27,8.5,6.8,5,28.1,8.6,7.2,5.2,28.1,9.6
09189,LK Traunstein,172.1,222.2,1.7,0.6,22.5,2,1.8,0.8,22.5,2,1.8,0.8,21.8,1.9,1.5,0.8,10.7,2.2,1.6,0.8,10.7,2.2,1.7,1.2,10.7,2.1
09190,LK Weilheim-Schongau,98.7,123.3,7.4,5.3,50.8,9,8.4,5.4,70.5,9.4,8.6,5.4,70.5,9.3,8.8,5.9,70.5,9.5,9.1,6,70.5,9.7,7.5,5.9,45.6,9
09261,SK Landshut,145.6,173,2.8,0.6,53,1.8,3.3,1,51.5,2.9,3.7,1.2,53,3.3,3.6,1.2,51.5,3.2,3.6,1.3,51.5,3.3,3.9,1.3,51.5,3.3
09262,SK Passau,115.4,138.2,5.1,1.6,47.9,5,5.6,1.7,47.9,5.8,5.7,2.1,47.9,6.2,5.7,2.1,45.7,5.5,5.8,1.7,45.7,5.5,6.3,1.7,45.7,6.6
09263,SK Straubing,143.9,188.3,3.2,0,64.6,1.8,3.3,0,64.6,1.8,3.3,0,58.7,1.8,3.5,0,58.7,2,3.7,0,58.7,2.1,4,0,58.7,2.1
09271,LK Deggendorf,180.1,225.1,2.5,0.5,36.6,1.6,2.3,0.6,36.6,1.5,2.3,0.7,36.6,1.5,2.4,0.6,36.6,1.5,2.4,0.7,36.6,1.5,2.6,0.8,37.1,1.5
09272,LK Freyung-Grafenau,152.3,154.4,0.8,0,3.9,1.1,1,0.5,4.2,1.4,1.1,0.8,4.8,1.7,1.1,0.8,4.8,1.8,1,0.7,5.7,1.5,1.1,0.9,5.2,1.7
09273,LK Kelheim,170.2,223.5,7.1,5.5,33.4,10.7,9.9,8.1,35.2,13.4,11.5,8.5,43.3,15.5,12.5,10.8,43.3,17.2,12.8,11.2,43.3,17.3,13.7,11.2,43.3,18.6
09274,LK Landshut,154.4,210.8,1.6,0.5,19.2,1.3,2,0.6,19.2,2,2.2,0.9,19.2,2.9,2.4,1.2,19.2,2.9,2.4,1.3,19.2,2.9,2.6,1.3,19.2,2.9
09275,LK Passau,128.7,143.8,5.6,3.5,60.5,5.2,6.3,3.7,60.5,6.1,6.4,3.8,61.1,6.4,6.5,4,61.1,6.3,6.7,4,61.1,6.8,7.3,4.2,61.1,7.7
09276,LK Regen,145,177,1.5,0,19.2,1.6,1.8,0.9,20.6,2.2,2,1.3,21.3,2.3,2,1.4,21.3,2.3,2.1,1.4,21.3,2.3,2.1,1.1,21.3,2.3
09277,LK Rottal-Inn,147.8,209.1,1.4,0,24.3,0.5,1.4,0,24.3,0.9,1.4,0,24.3,0.8,1.5,0,24.3,0.9,1.5,0,24.3,1,1.7,0,24.3,1.1
09278,LK Straubing-Bogen,160.9,181,2.4,0.6,34.6,1.4,2.5,0.7,32.6,1.7,2.6,0.7,32.6,1.7,2.8,0.9,32.6,1.8,2.8,0.9,32.6,1.8,3.1,1.1,32.6,2
09279,LK Dingolfing-Landau,199.5,285.5,4.9,4.2,17.8,7.4,6.3,5.8,18.8,8.7,7.1,7,19.8,9.9,7.7,7.7,20.8,10.5,8,8.3,20.8,10.6,8.2,8.3,20.8,10.8
09361,SK Amberg,174.7,196.6,2.4,1.3,23.7,2.8,2.5,1.4,23.7,2.8,2.6,1.4,23.7,2.9,2.7,1.4,23.7,2.9,2.8,1.4,23.7,2.9,2.8,1.4,23.7,2.9
09362,SK Regensburg,146.8,176.4,3.4,0.8,44.4,1.7,4.2,1.3,44.4,2.5,4.5,1.4,49.4,3.2,5.4,2.1,49.4,5.2,6.3,2.3,55.8,6.6,7.5,2.5,63,10.4
09363,SK Weiden i.d.OPf.,131.8,152.1,4.3,2.5,28.5,5.8,4.3,2.5,28.5,5.8,3.9,2.4,19.2,5.8,3.7,2.2,19,5.7,3.8,2.4,19,5.3,3.3,1.9,17.7,4.8
09371,LK Amberg-Sulzbach,157.7,187.3,1.9,0.6,15.9,3.3,2,0.8,15.9,3.1,2,0.8,15.9,3,2.1,0.9,15.9,3,2.1,1,15.9,3,2.2,0.8,15.9,3
09372,LK Cham,231.7,279.7,1.5,0.5,23.9,1.4,1.5,0.6,24.5,1.5,1.6,0.7,24.5,1.4,1.6,0.6,24.5,1.5,1.7,0.8,24.5,1.7,1.7,0.8,24.5,1.7
09373,LK Neumarkt i.d.OPf.,120.9,162,14.5,11.1,59.4,25.2,17.2,11.9,66.8,25.9,18.5,14,70.6,28.5,20,16.2,70.6,30,20.7,17.1,70.6,30.8,21.3,17.9,70.6,31
09374,LK Neustadt a.d.Waldnaab,117.4,134.5,4.3,3,39.7,5.4,4.4,3.1,39.7,5.5,4.3,3.1,39.7,4.9,4.3,3.2,39.7,4.9,4.3,3.2,38.6,4.8,4.1,3.3,38.6,4.8
09375,LK Regensburg,139.6,187,3.7,0.8,59.6,1.6,4.3,0.9,59.6,2.6,4.1,1,59.6,2.7,5,1.6,58.6,4.4,5.4,1.8,48.4,8.8,5.6,2.6,42.5,9.5
09376,LK Schwandorf,188.7,234,6.4,5.3,17.5,9.7,8,7.2,19.3,11.4,8.7,7.6,19.5,12.3,9.4,8.5,20,13.1,10.1,9.3,20.3,13.7,11.1,10,22.9,14.3
09377,LK Tirschenreuth,137,188.8,2.3,0,29.4,2.1,2.5,0.8,29.4,2.3,2.5,1.1,30.9,2.2,2.6,1.2,30.9,2.3,2.7,1.2,30.9,2.3,2.9,1.2,30.9,2.7
09461,SK Bamberg,88,112.4,7.6,4.5,48,9.3,9.5,5.2,60.1,12.1,10.5,8,64.1,14,11.8,9,64.1,17,12.6,9,64.1,17.6,14.1,11,64.1,18.9
09462,SK Bayreuth,137.6,175.2,5.8,3.6,40.6,6.7,6.6,4.1,40.6,7.9,6.7,4,40.6,8.1,6.9,4.5,40.6,7.8,7.2,4.9,40.6,8.9,7.4,4.9,40.6,9.4
09463,SK Coburg,127.4,202.1,0.4,0,7.5,0,0.6,0,7.5,0,0.7,0,7.5,0,0.7,0,7.5,0,0.8,0,7.5,0.7,0.8,0,7.5,0
09464,SK Hof,346.8,381.9,1.1,0,15.8,1,1.1,0,15.8,1,1.1,0.5,16.8,1.1,1.2,0.6,15.8,1.1,1.2,0.6,15.8,1.3,1.7,0.9,15.8,1.8
09471,LK Bamberg,94.1,138.6,4.9,2.6,23.7,6.5,5.1,4.2,25,7,5.3,3.9,25.8,6.7,5.5,4.4,24.2,6.7,5.7,4.5,24.2,7.6,5.5,3.9,25,7
09472,LK Bayreuth,129.2,151.5,5.8,4.1,40.5,5.9,6.7,4.7,40.5,7.2,6.7,4.6,40.5,7.5,6.8,4.6,40.5,7.8,7,4.7,40.5,7.6,7.1,4.8,39.8,7.6
09473,LK Coburg,124.5,181,0.2,0,2.7,0,0.2,0,2.7,0,0.3,0,2.7,0,0.3,0,2.7,0,0.4,0,2.7,0.5,0.4,0,2.7,0.6
09474,LK Forchheim,98.2,106.7,6.2,4.4,30.7,8.4,6.7,5.3,31.8,9.2,7.1,5.9,31.8,9.2,7.2,5.8,30.7,9.3,7.2,6,32.7,8.9,7.4,6.3,31.8,9.5
09475,LK Hof,241.4,303.8,0.6,0.1,5.2,0.7,0.6,0.2,5.2,0.7,0.6,0.3,5.2,0.8,0.7,0.4,5.2,0.8,0.7,0.4,5.2,1,1,0.7,5.2,1.3
09476,LK Kronach,249.3,308.6,0.6,0,5.2,0.7,0.6,0,5.2,0.9,0.7,0,5.2,0.9,0.8,0.4,5.2,1,0.8,0.4,5.8,1,0.9,0.5,5.8,1.1
09477,LK Kulmbach,234,272.5,0.1,0,1.2,0,0.1,0,1.2,0,0.1,0,1.2,0,0.1,0,1.2,0,0.1,0,1.2,0,0.1,0,1.2,0
09478,LK Lichtenfels,169,208.2,0.4,0,9,0,0.5,0,9,0.6,0.6,0,9,0.6,0.7,0,9,0.6,0.7,0,9,0.6,0.7,0,9,0
09479,LK Wunsiedel i.Fichtelgebirge,186.8,225.7,0,0,0.5,0,0,0,0.4,0,0,0,0.4,0,0,0,0.4,0,0,0,0.4,0,0.1,0,1,0
09561,SK Ansbach,93.9,124.4,12.1,5.7,158.5,10.8,16.2,8.4,158.5,19.1,17.2,11.8,158.5,20.1,19.7,13,158.5,24.4,21.2,14.7,158.5,26.9,22.7,15.8,158.5,28.7
09562,SK Erlangen,76.5,94.2,9,5.4,42.9,9.8,9.9,6.4,50,10.6,9.8,6.8,42.9,12.4,10.4,7.1,42.9,13.9,11.5,8.4,41.5,15.1,12.5,9.2,41.5,17.1
09563,SK Fürth,178.2,228,1.9,0.9,21,1.8,2.2,1.1,21,1.9,2.3,1.1,21,2.4,2.3,1.2,20.4,2.4,2.3,1.4,20.4,2.3,2.5,1.3,20.4,2.3
09564,SK Nürnberg,164,197.3,4,3,15,6.1,4.2,3,15.4,6.4,4.2,3.3,15.3,6.4,4.4,3.3,15.3,7.2,4.4,3.3,15.2,7.1,4.1,2.7,14.7,7.3
09565,SK Schwabach,108.2,141.5,5.3,2.5,46.4,7.1,6.8,3.9,46.4,8.9,7.3,5,46.4,10.3,8.1,5.1,46.4,11.3,8.9,5.9,46.4,12.9,9,7.1,46.4,12.3
09571,LK Ansbach,138.9,173.9,11.4,6.9,143.9,14,15,9.5,143.9,17.5,16.4,12,143.9,18.9,17.8,12.9,150.1,19.8,18.8,13.4,150.1,21.4,20,13.9,151.5,21.9
09572,LK Erlangen-Höchstadt,101.6,123.1,8.9,3.8,42.3,11.8,9.9,5.3,53.2,11.6,9.8,6,53.2,11.4,10.3,6.4,53.2,11.5,10.8,6.4,56.4,12.6,11.4,8,56.4,13.3
09573,LK Fürth,111.7,129.8,1.9,0.8,24.2,1.9,2.2,1.3,23.5,2.4,2.3,1,24.2,2.7,2.6,1.3,23.5,3,2.6,1.2,24.2,2.9,2.9,1.6,23.5,3.2
09574,LK Nürnberger Land,114.2,141.7,3.6,1.1,33.6,2.7,4.2,1.8,33.6,4.4,4.5,1.8,33.6,4.6,4.7,1.8,34.2,4.6,4.7,2.1,34.2,4.6,5.4,2.4,35.4,5.7
09575,LK Neustadt a.d.Aisch-Bad Windsheim,126.6,171.3,7.8,6.2,25.7,10,10.1,9.1,27.7,13.7,11.4,10.2,30.3,15.2,12.6,11.2,33.3,15.6,12.7,11.6,33.9,16,13.1,11.9,34.5,16.6
09576,LK Roth,113.3,138.1,4.7,2.8,51.4,4.6,6,3.8,48.6,5.9,6.8,4,56.8,7.6,7.7,5,56.8,7.9,8.1,4.9,54.1,7.7,8.4,5.2,59.2,8.9
09577,LK Weißenburg-Gunzenhausen,113.1,158.3,0.4,0,7.1,0.5,0.4,0,7.1,0.6,0.5,0,7.1,0.6,0.5,0,7.1,0.7,0.4,0,7.1,0.6,0.4,0,7.1,0.5
09661,SK Aschaffenburg,117.9,162,11.9,8.8,71.8,15,12.7,10.1,74.9,15.4,13,10.2,74.9,16,13.4,11,74.9,16.7,13.7,11.7,74.9,17.3,13.5,11,71.8,17.5
09662,SK Schweinfurt,145.8,177.8,18.1,10.8,231.6,25.2,29.4,21.4,231.6,38.4,36.7,27.1,231.6,48.4,46.2,34.9,304.4,65.9,50.5,41.1,309,67.5,55,44.3,304.4,77.1
09663,SK Würzburg,95.4,127.4,0.9,0.6,7.8,1.1,1.1,0.6,7.8,1.6,1.2,0.8,7.8,1.6,1.4,1.1,7.8,1.9,1.4,1.1,7.8,1.7,1.4,1.1,7.8,1.9
09671,LK Aschaffenburg,99.8,122.3,11.5,10.2,78.3,15,12.4,11,78.3,16.4,12.5,11.1,79.1,16.5,12.6,10.8,79.1,16.5,13,12.1,79.1,16.7,13.3,11.2,80.6,17
09672,LK Bad Kissingen,103.7,132.7,3.8,2,33.8,4.2,4.2,2.2,32.4,4.3,3.9,2.2,32.4,4,3.9,2.3,33.8,3.8,4,2.5,33.8,4.2,3.9,2.3,32.4,3.9
09673,LK Rhön-Grabfeld,147.5,200.9,0.8,0,8.1,1.1,0.9,0,8.7,1.3,0.9,0.2,8.1,1.3,1,0.7,8.1,1.6,1,0.7,8.1,1.6,1.2,0.7,7.6,1.6
09674,LK Haßberge,158.9,229.9,8.1,0.6,51.2,12.3,8.4,0.9,51.2,12.5,8,1,51.2,11.3,8.3,1.3,51.2,12.3,8.5,1.5,51.2,12.6,9.5,1.8,51.2,17
09675,LK Kitzingen,87.9,121.8,5.1,0,83.8,2.6,5.1,0.7,83.8,3.1,5.3,0.9,83.8,3.3,5.5,1,83.8,3.6,5.9,1.1,83.8,3.8,6.5,1.8,83.8,4.4
09676,LK Miltenberg,101.9,128.9,2.2,0.8,19.5,1.9,2.4,1,20.7,2.2,2.4,1,20.7,2.1,2.5,0.9,20.7,2.2,2.6,1,20.7,2.5,2.8,1,20.7,3.3
09677,LK Main-Spessart,98.1,120.5,4.9,2.7,45.7,5,5.5,2.9,45.7,5.8,5.7,3.1,45.7,5.8,6,2.9,45.7,6.5,6,2.9,45.7,7.5,6.4,3.1,45.7,8.2
09678,LK Schweinfurt,98.9,140.3,17.1,10.4,204.2,18.7,28,18.3,239.5,31.4,35.1,22.4,247.4,41.1,40.9,31.2,207.9,48.7,42.6,33.7,213.4,60.7,38.8,29.1,213.4,51.1
09679,LK Würzburg,72.8,100.4,1.1,0.6,7.4,1.7,1.1,0.6,7.4,1.3,1.2,0.9,7.4,1.5,1.3,1,7.4,1.7,1.2,1,7.4,1.7,1.4,1.1,7.4,2
09761,SK Augsburg,147.5,196.2,6.8,6.2,20.3,8.7,6.8,6.2,19.6,8.7,6.7,6.2,19.6,8.6,6.6,6.2,19.8,8.6,6.8,6.5,19.8,8.8,6.9,6.7,20.3,8.7
09762,SK Kaufbeuren,148.2,202.7,11,5,77.3,14.4,12.6,8.5,77.3,16.9,13.3,8.6,77.3,17.7,14,9.9,77.3,17.8,14.3,10,77.3,18.4,14.6,8.9,77.3,18.3
09763,SK Kempten,158.7,219.8,5.8,0,70.1,5.4,6.2,0.7,70.1,6.6,6.3,0.7,70.1,7,6.6,0.8,70.1,7.3,6.9,2.1,70.1,7.4,8.5,3,70.1,9.6
09764,SK Memmingen,155.1,220,3.6,0,27.9,4.3,3.4,0,27.9,4,3.2,0,27.9,3.6,3.1,0,27.9,3.3,3.2,0,27.9,4.1,3.3,0,27.9,4
09771,LK Aichach-Friedberg,99.7,129.2,8.8,5.8,67,9.4,9.3,6,67,10.5,9.2,5.6,66.5,10.4,9,5.5,66.5,10.1,9,5.3,66.5,10.6,9.6,6.1,66.5,11.4
09772,LK Augsburg,121.1,166.5,1,0.3,18.8,0.7,1.1,0.4,18.8,0.8,1.2,0.5,18.8,1,1.4,0.7,18.8,1.3,1.6,0.8,22.9,1.3,1.7,0.9,24.3,1.4
09773,LK Dillingen a.d.Donau,86.3,120.1,0.7,0,8.7,0,0.6,0,8.7,0,0.5,0,8.7,0,0.6,0,8.7,0.1,0.6,0,8.7,0.4,0.7,0,8.7,0.8
09774,LK Günzburg,130,202.3,8.1,7.1,34.5,10.8,8.4,8,34,11.3,8.4,7.7,34,11.4,8.3,7.7,34,11.7,8.6,7.5,34,11.7,8.7,7,34,11.6
09775,LK Neu-Ulm,112,176.9,0.9,0.3,10.9,1.3,1.1,0.5,10.9,1.4,1.1,0.5,10.9,1.4,1.2,0.6,10.6,1.4,1.2,0.7,10.6,1.4,1.2,0.8,5.5,1.5
09776,LK Lindau,102.5,123.2,5,2.5,41.4,6.2,6.3,3.7,45.6,8,6.1,3.9,41.2,7.5,5.4,4.1,25.3,7.1,5.6,4.3,25.3,7.2,5.8,4.4,25.3,7.9
09777,LK Ostallgäu,181.2,240.8,10,7.3,94.4,13.1,11.4,9.3,94.4,13.1,11.9,10,94.4,13.7,12.4,10.2,94.4,14.2,12.8,10.2,94.4,15.2,13.9,10.2,94.4,17.5
09778,LK Unterallgäu,163.9,209.2,1.6,0.4,17.3,1.3,1.7,0.7,17.3,1.7,1.8,0.8,17.3,1.7,1.9,0.9,17.3,2,2,1.2,17.3,2.2,2.2,1.5,17.3,2.6
09779,LK Donau-Ries,142.7,193.6,1.9,0,59.1,0.5,2.9,0.2,59.1,0.9,3.6,0.3,59.1,1,3.8,0.4,59.1,1.3,4,0.4,59.1,1.6,4.6,0.9,59.1,2.4
09780,LK Oberallgäu,120.7,160.2,4.7,0.5,63.5,3.7,5.1,1.2,63.5,4.2,5.2,1.3,63.5,4.5,5.3,1.3,63.5,4.6,5.4,1.2,63.5,4.8,5.9,1.7,63.5,4.9
10041,LK Stadtverband Saarbrücken,108.6,156.7,3.6,0,33.7,0.3,4.3,0.2,33.7,0.5,4.3,0.2,32.4,0.5,4.4,0.3,32.4,1.9,4.6,0.4,32.4,1.8,5.1,0.4,32.4,2.9
10042,LK Merzig-Wadern,66.4,73.6,9.8,1.9,131.5,9.9,13.4,3.8,158.2,12.1,14.5,4.7,168.5,12.3,15.5,6.6,178.8,14.8,16.1,7.1,173.9,17.2,18.1,9,173.9,19
10043,LK Neunkirchen,115.3,153,5.4,1.3,42.6,6.7,6.7,2.6,45.2,9.9,7.3,3.6,45.2,11.7,8.2,4.6,48,12.7,8.7,5.6,49.2,12.6,9.5,7.6,52,13.9
10044,LK Saarlouis,88.8,117.8,11.3,9.5,98.6,15.6,12,10.8,100,16.3,12.1,10.5,101.4,16.2,12.1,10.2,108.7,15.1,12.4,11.1,107.3,15.4,12.9,11.4,102.8,16.4
10045,LK Saarpfalz-Kreis,74.8,102,8.9,8.2,24.4,13.6,9.2,8.7,24.4,13.5,9.3,8.7,24.4,13.6,9.2,8.2,24.4,13.6,9.5,8.9,24.4,13.7,9.7,9.1,24.4,14.9
10046,LK Sankt Wendel,79.7,102.3,0.8,0,22.4,0,0.9,0,22.4,0,0.9,0,22.4,0,0.9,0,22.4,0,0.9,0,22.4,0,1,0,22.4,0
11001,SK Berlin Mitte,121.9,151.6,8.9,5.6,59.7,12,10.3,7,61.4,13.9,11,7.7,62.8,14.8,11.6,8.2,64.3,15.5,12.1,9,65.8,15.4,13.5,9.9,65,16.5
11002,SK Berlin Friedrichshain-Kreuzberg,93.4,114.9,17.3,17.5,46.5,24.6,18.8,18.5,50.2,26.5,19.7,18.7,51.9,27.2,20.5,20.3,50.2,27.5,21.2,20.1,51.9,30,20.2,20,54.3,27.2
11003,SK Berlin Pankow,81.2,100.5,7.6,7.1,31.2,12,9.3,8,31.2,12.8,10.5,9.8,30.6,14.4,10.4,9.5,30.2,14.1,10.3,9.9,28.5,14,10,10,28.5,14
11004,SK Berlin Charlottenburg-Wilmersdorf,101.1,124.7,5.9,5.2,26.4,8.2,6.7,6.4,26.7,9.5,7.4,7,26.4,10.3,8.2,7.6,26.7,11.6,8.7,7.9,29.9,12.6,9.5,9.1,31.2,13
11005,SK Berlin Spandau,129.3,167.4,9,5.8,54,11.2,10,6.3,54,13,10.3,6.7,54,13.8,10.8,6.9,55.9,14,11.2,7.8,55.9,14.5,12.4,9,56.7,15.2
11006,SK Berlin Steglitz-Zehlendorf,85.1,96.3,14.7,14.9,62,21.1,14.9,14.8,62,21.1,15,14.9,61.2,21.2,15.3,14.9,61.2,21.1,15.6,14.6,61.2,21.1,16.5,15,60.4,21.1
11007,SK Berlin Tempelhof-Schöneberg,112.2,130.8,7.5,5.6,34.5,11.5,7.8,6.5,34.5,11.7,8,6.8,36.3,11.7,8.4,7.1,36.3,11.9,8.7,7.7,36.3,12.4,9.7,9,37.7,12.9
11008,SK Berlin Neukölln,135.3,175.6,12.2,9.4,64.8,19.9,14.6,13,67.1,21.1,15.3,13.3,70.7,21.6,16,15.7,71.8,22.6,16.7,16,71.4,23.1,17.2,17.3,72.2,23.1
11009,SK Berlin Treptow-Köpenick,85.1,100.2,9.6,7.3,79.5,15.8,10.3,7.3,79.5,16.3,10.8,8.2,79.5,16.6,10.9,8.4,79.5,16.2,11.3,8.8,78.6,16.2,11.8,10.8,78.6,16.6
11010,SK Berlin Marzahn-Hellersdorf,113.6,142.6,7.3,4.7,33.5,11.1,7.4,4.8,33.5,11.1,7.5,4.8,33.5,11.2,7.8,5.8,33.5,11.2,8,6,33.5,11.1,8.5,6.2,33.5,12.9
11011,SK Berlin Lichtenberg,108.8,131.9,9.9,9.4,28.8,16.4,11.6,11.4,29,17.5,12.8,12.5,31.9,18.5,14.2,15,32.2,21.1,15,15.9,33.5,22.1,16.3,17.2,34.5,22.5
11012,SK Berlin Reinickendorf,119.1,143.2,8,5,33.1,10.7,8.2,5.3,32.4,11.1,8.6,5.7,31.6,11.3,8.8,6.5,31.6,11.7,9,6.5,31.6,11.5,9.4,6.8,31.6,14.5
12051,SK Brandenburg a.d.Havel,90.5,119.1,0.4,0,13.7,0,0.4,0,13.7,0,0.4,0,13.7,0,0.5,0,13.7,0,0.6,0,8.6,0,1.2,0,8.6,2.4
12052,SK Cottbus,143.5,176.6,0.3,0,12.6,0,0.3,0,12.6,0,0.4,0,13.3,0,0.6,0,13.3,0.5,0.4,0,3.4,0.6,0.4,0,2.1,0.6
12053,SK Frankfurt (Oder),109.8,159.3,1.4,0,28.9,0,1.4,0,28.9,0,1.5,0,28.9,0,1.5,0,28.9,0,1.6,0,28.9,0,1.4,0,28.9,0
12054,SK Potsdam,87.6,113.7,2.3,1.6,28.2,3.1,3.7,3.1,28.2,4.9,4.5,3.8,30,5.5,5.1,4.4,33.3,6.4,5.3,4.7,33.3,6.7,5.7,5.1,33.3,6.5
12060,LK Barnim,85.6,97.7,2.6,2,11.3,3.4,4.1,3.3,15.5,5.8,4.7,3.9,17.4,6.7,5.2,4.2,16.4,7,5.2,4.3,17.4,7,5.2,4.2,17.4,7.3
12061,LK Dahme-Spreewald,92,109.5,7,6.7,25,10.2,7.9,7.4,27.8,11,8.3,7.7,26.9,11.3,8.8,8,26.9,12.2,9.3,8.5,28.8,12.8,9.4,8.7,29.7,13
12062,LK Elbe-Elster,189.7,223.9,0.1,0,0.7,0,0.1,0,0.6,0,0.1,0,0.6,0,0.1,0,0.6,0,0.1,0,0.6,0,0.1,0,0.6,0
12063,LK Havelland,113.3,139.3,0.8,0,14.8,0.5,0.9,0,14.8,0.7,1,0,14.2,0.8,1.1,0.4,13.6,1,1.1,0.7,13,1.1,1,0.7,5.8,1.1
12064,LK Märkisch-Oderland,94.9,123.6,3,2.4,25.4,3.7,4.4,3.5,26.4,6.5,5,4,26.9,7.1,5.5,4.6,27.4,7.8,5.8,4.8,28,8,5.7,4.8,16.2,8.2
12065,LK Oberhavel,114.7,132.4,1.1,0.4,9.1,1.3,1.4,0.6,8.5,1.8,1.4,0.7,9.1,1.9,1.4,0.9,9.4,1.8,1.4,0.9,9.4,1.7,1.6,1,8.8,2
12066,LK Oberspreewald-Lausitz,161.8,184.7,0.9,0.6,2.8,1.3,1.1,0.9,3.8,1.6,1.2,1.1,4,1.7,1.4,1.3,4.6,2,1.4,1.3,4.6,2,1.4,1,4.6,2.3
12067,LK Oder-Spree,134.7,170.6,0.3,0,6,0,0.4,0,6,0.3,0.4,0,6.5,0.3,0.5,0.2,6.5,0.5,0.6,0.3,6.5,0.7,0.7,0.4,6.5,0.9
12068,LK Ostprignitz-Ruppin,94.3,127.5,1.8,0,18.9,2.1,2,0.6,19.9,2.6,2.2,0.8,19.9,3,2.2,1.1,19.9,3,2.2,1.2,18.9,2.5,2.5,1.7,16,3
12069,LK Potsdam-Mittelmark,86.4,106.2,2.8,1.6,34.8,2.8,3.5,2.1,34.8,3.5,3.5,2.1,34.8,3.4,3.6,2.1,34.8,3.3,3.5,2.2,34.2,3.2,3.3,2,34.2,3.4
12070,LK Prignitz,97.3,120.8,1.6,0,23.4,0.9,1.7,0,23.4,1.1,1.7,0,23.4,1.1,1.8,0,23.4,0.3,1.8,0,23.4,1.1,2,0,23.4,1
12071,LK Spree-Neiße,145.9,178.5,1.5,0,40.6,0,1.6,0,40.6,0.4,1.7,0,39.2,0.5,1.8,0,39.2,0.7,1.9,0,39.2,1,2.3,0.5,39.2,1.2
12072,LK Teltow-Fläming,113,131.2,0.5,0,6.8,0.6,0.6,0.4,6.6,0.7,0.6,0.4,6.6,0.7,0.6,0.4,6.6,0.7,0.7,0.5,6.6,0.9,0.8,0.5,6.6,0.9
12073,LK Uckermark,80,112.7,1.6,0,30.7,0.9,1.9,0,30.7,1.5,2.1,0,30.7,1.9,2.4,0.6,30.7,2.5,2.7,0.6,30.7,2.6,3.2,1.8,30.7,4.8
13003,SK Rostock,63,89.9,2.4,0.8,13.8,3.6,2.5,1.4,13.8,4.6,2.6,1.6,13.8,4.5,2.9,1.9,13.8,4.6,2.7,1.9,13.8,4.5,2.5,1.9,13.8,3.9
13004,SK Schwerin,98.6,118.1,0.7,0,9.7,0,0.7,0,9.7,0,0.7,0,9.7,0.8,0.8,0,9.7,0.9,0.7,0,9.7,0.6,0.8,0,9.7,0.5
13071,LK Mecklenburgische Seenplatte,108.1,162.7,0.8,0,15.8,0.2,0.8,0,15.8,0.3,0.8,0,13,0.4,0.7,0,8.3,0.7,0.7,0.1,8.3,0.7,0.9,0.4,8.3,0.7
13072,LK Rostock,92.5,107.5,6.2,5.3,23.9,9.6,6.4,5.3,23.9,9.7,6.6,5.4,23.9,9.9,6.8,5.5,23.9,10,6.9,6.1,23.9,9.8,7.3,6.4,23.9,9.9
13073,LK Vorpommern-Rügen,62.1,87.7,9.9,8.4,31.1,14.1,11.6,10,34.2,16.1,12.4,10.5,34.2,17.3,13.3,12.1,35.4,17.4,14.3,13.1,35.4,18.4,15.9,15.7,36.4,20.9
13074,LK Nordwestmecklenburg,103.3,111.9,0.7,0,19,0,0.7,0,19,0,0.7,0,19,0,0.7,0,19,0,0.7,0,19,0,0.8,0,19,0
13075,LK Vorpommern-Greifswald,124.7,149,16.3,15.2,82.7,20.9,25.8,22.2,88.7,33.5,31.7,25.1,118.6,42.5,37.9,26,155.6,51.6,40,27.4,159,54.1,44.4,36.7,160.2,59.3
13076,LK Ludwigslust-Parchim,141.9,177.5,1.5,0.3,17.3,1.4,2.3,0.9,17.3,2.8,2.8,1.3,17.3,3.7,3.7,1.8,17.3,6.7,4.5,3.1,18.5,7.5,6.2,7.2,17.3,10.4
14511,SK Chemnitz,202,274,16.6,13.9,69.8,20.5,18.9,17.1,71.9,23.5,20.1,17.4,73.4,24,21.4,18.9,74.9,25.5,22.2,20.4,76,26.2,23.8,21.6,79,28.3
14521,LK Erzgebirgskreis,243.6,324.8,8.2,6,34.8,11,9.5,7.4,36.9,12.7,10,7.6,37.8,13.3,10.2,7.8,38,14.3,10.4,8.1,38.4,14.4,10.9,8.4,38.9,15.2
14522,LK Mittelsachsen,194.6,277.2,18.5,16.7,54.2,26.7,20.5,18,56.4,29.6,21.1,18.3,58.7,28.9,21.9,18.4,58.5,29.4,22.7,18.8,59.8,31.2,24.7,23.2,63,33.9
14523,LK Vogtlandkreis,287.7,347.3,6.1,4.8,20.1,7.7,7.4,5.9,24.7,8.8,7.8,6.4,25.7,9,8,6.9,25.7,9.2,8.2,7.1,25.7,9.5,8.3,6.9,25.7,9.3
14524,LK Zwickau,230.7,298.4,6.8,5.6,31.2,8.9,8.4,7.1,33.5,10.5,9.1,7.6,33.9,11.6,9.5,7.6,33.9,11.9,9.6,7.7,33.9,11.9,9.9,7.9,34.5,12.5
14612,SK Dresden,108.5,134.9,12.6,12.7,36.8,17.2,16.1,15.4,39.9,21.6,17.4,16.8,40.3,25,18.1,17.5,38.5,25.8,19.1,19.6,37.9,26.1,20.7,21.8,38.5,27.2
14625,LK Bautzen,167.6,238.5,20.1,20,69,29,23.7,24.1,78.9,32.4,25,23.4,79.2,32.6,25.9,26.4,79.6,34.1,26.8,27.3,79.6,36.5,26.5,26,80.7,37.2
14626,LK Görlitz,159,198.2,15.3,14.7,48.2,23.1,16.2,16.6,50.3,24.6,16.4,16.6,50.3,25.3,16.2,16.2,50.7,24,16.6,16.5,51.1,24.9,17.2,16.8,51.1,25.9
14627,LK Meißen,149.6,181.6,3.2,2.1,35.8,3.7,3.5,2.1,36.4,4.1,3.6,2.2,35.8,4.3,3.6,2.1,35.8,4.2,3.4,2,34.7,4,3.1,1.6,33.7,3.5
14628,LK Sächsische Schweiz-Osterzgebirge,138.3,188.9,19.2,17.9,73.9,24.4,26.1,23.6,85.2,35.1,28,25.3,92.1,37,29.6,26.6,94.7,39.5,30.8,28.2,94.7,42.7,33.1,31.1,95.8,44.2
14713,SK Leipzig,94.8,117.3,6.5,3,44.7,7.9,8.1,3.9,47.8,9.6,9,5.2,47.8,11.7,10.1,5.6,47.8,13.4,10.9,7.6,47.8,13.6,12.1,8.9,49.1,15.5
14729,LK Leipzig,130.9,160,5.9,5.1,23.7,8,6.4,5.6,23.7,8.2,6.4,5.3,22.7,8.6,6.3,5.3,22.9,8.2,6.3,5.6,22.7,8.1,6.1,5.1,22.4,7.8
14730,LK Nordsachsen,179.5,214.9,7.9,6.9,34.9,10.6,10.7,9.7,47.2,13,11.4,10.1,47.8,13.7,11.9,10.6,48.3,14.4,12.4,10.8,48.3,15.1,13.3,11.3,49.4,16.6
15001,SK Dessau-Roßlau,113.7,139.8,12.1,8.8,50.7,19.1,12.7,9.2,50.7,20,12.9,9.5,50.7,20.2,13.1,9.5,50.7,21,13.5,11,50.7,22.2,13.9,12,50.7,23.6
15002,SK Halle,172.8,199.4,1.1,0,28.3,0,1.1,0,28.3,0,1.1,0,28.3,0,1.2,0,28.3,0,1.2,0,28.3,0,0.8,0,13.4,0
15003,SK Magdeburg,99.5,123.8,0.2,0,5.5,0,0.1,0,5.5,0,0.1,0,5.5,0,0.2,0,5.5,0,0.2,0,5.5,0,0.2,0,5.5,0
15081,LK Altmarkkreis Salzwedel,87.5,127.4,3,1,31.9,3.7,5.2,2,31.9,8.3,6.7,2.8,35.9,9.1,8.8,3.9,39.9,9.7,10.3,4.8,39.9,13.1,15.9,10.6,63.8,22.3
15082,LK Anhalt-Bitterfeld,92.4,101.6,19.7,11.5,309.8,20.2,31.2,17.2,360.5,31.9,37.8,21.3,362.1,38.8,46,25.7,362.1,52.9,50.8,27.5,364.7,65,52.6,25.9,371.9,59
15083,LK Börde,108.4,121.7,11.4,9.8,44.5,15.5,14,11.5,49.7,18.5,15.8,13.3,52.3,20.1,17.7,14.4,53.7,24,18.6,15.3,52.9,24.6,19.8,16.6,52.9,25
15084,LK Burgenlandkreis,230.4,276.8,16.7,16.5,49.7,24.5,16.9,16.9,49.7,24.5,16.8,16.6,49.7,24.6,17.1,16.7,49.7,24.5,17.4,16.8,49.1,24.6,17.8,16.9,49.1,25.3
15085,LK Harz,153.3,192.2,0,0,0.7,0,0,0,0.7,0,0,0,0.7,0,0,0,0.7,0,0,0,0.7,0,0,0,0.7,0
15086,LK Jerichower Land,121.1,135.1,3.2,1.2,25.6,3.1,3.3,1.4,25.6,3.6,3.2,1.4,25.6,3.5,3.2,1.4,25.6,3.1,3.2,1.4,25.6,3,3.5,1.4,25.6,3.6
15087,LK Mansfeld-Südharz,130.9,184.5,9.4,8.6,41.1,12.7,10,9,41.1,13.7,10.1,9,41.1,13.7,10.4,9.2,41.1,14,10.4,9.2,41.1,13.7,10.5,10,41.1,13.8
15088,LK Saalekreis,173,208.4,9.2,7.6,46.8,12.8,9.5,8.3,46.8,12.7,9.6,8.3,46.8,12.7,9.6,8.5,46.8,12.6,9.6,8.5,46.8,12.7,9.9,8.8,46.8,12.9
15089,LK Salzlandkreis,123,166,7.8,4.5,69.8,10.8,8.4,5.1,69.8,11.5,8.5,5.1,69.8,11.5,8.2,4.6,69.2,10.9,7.5,4.2,67.3,10.2,8,4.8,67.3,11.1
15090,LK Stendal,152.4,188,11.9,9.7,46.6,16.6,13.5,11.3,47,19,14.3,11.8,54.6,20.4,15,12.8,61.1,21.4,15.8,13.9,64.3,23.1,16.6,14.1,68.1,23.9
15091,LK Wittenberg,134.9,149.7,7.5,4.6,38.6,10.6,8.4,4.9,39.4,10.9,8.5,5.3,39.4,13.5,8.5,5.8,39.4,12.9,8.4,5.6,39.4,13.3,8,4.7,39.4,11.2
16051,SK Erfurt,132.9,163.1,4.6,1.4,28.2,6.8,5.1,3,28.2,7.9,5.1,3,28.2,7.9,5.2,3.1,28.2,8.1,5.3,3.2,28.2,8,5.9,3.7,28.2,8.4
16052,SK Gera,256.7,320,0.4,0,11.2,0.1,0.4,0,11.2,0.3,0.5,0,11.2,0.4,0.5,0,11.2,0.5,0.5,0,11.2,0.6,0.4,0,3.9,0.6
16053,SK Jena,105.5,138.3,5.9,1.8,80,8,6.8,3,80,8.8,7.2,3.4,80,10.1,7.6,4.9,78.1,10.5,7.7,5.2,78.1,10.4,8.7,6.4,76.3,10.8
16054,SK Suhl,196.4,222.9,7.9,6.3,28.4,12.3,8.2,6.7,31.4,12.7,8.4,7.1,31.4,12.7,8.5,7.1,31.4,12.8,8.8,7.7,31.4,13.4,9.4,8.1,31.4,13.8
16055,SK Weimar,96.8,122.6,9.4,5.1,34.1,16.2,10.7,6.4,39.4,18.5,10.7,6.4,39.4,19.4,11,6.4,39.4,20.4,11.6,6.7,39.4,21.1,14.3,13.1,39.4,23.6
16056,SK Eisenach,170.9,205.9,3,1.6,29.2,3.5,4.8,3.2,29.2,6.2,6.2,4.5,29.3,7.8,8.3,5.6,33.3,11.6,9.5,7.3,37.5,12.4,9.9,7.7,37.5,12.5
16061,LK Eichsfeld,168.8,195,3.3,2.2,44.9,3.9,5,3.8,49.5,5.8,5.6,4.4,52.3,6.2,6,4.6,52.3,7.1,6.3,4.7,52.3,7.7,6.8,5.5,52.3,8.2
16062,LK Nordhausen,94.1,136.7,10.1,5.1,84,14.2,12.2,7,84,18.2,12.8,7.3,84,18.4,13.2,7.8,84,18.7,13.9,8.1,86.6,18.8,14.5,8.8,86.6,19.2
16063,LK Wartburgkreis,294.2,349.7,2.6,1.7,15.7,3.4,3.9,2.7,19.9,5,5,3.3,23.9,6.7,6.6,5.4,25.5,8.5,7.6,7.2,27.8,9.6,7.8,8,20.2,9.9
16064,LK Unstrut-Hainich-Kreis,126.8,140.9,0.8,0.6,6.7,0.8,1.1,0.8,7.4,1.5,1.2,0.8,7.4,1.6,1.2,0.8,7.4,1.9,1.4,0.8,7.4,2.1,1.7,1.1,7.4,2.5
16065,LK Kyffhäuserkreis,171.4,191.3,0,0,0.8,0,0,0,0.9,0,0,0,0.9,0,0,0,0.9,0,0,0,0.8,0,0,0,0,0
16066,LK Schmalkalden-Meiningen,262.4,311.4,7.7,6.8,30,10.7,8,7.3,31.2,11.5,7.7,6.6,30.8,11.2,7.3,6.7,30.4,10,7.6,6.9,30.4,10.7,7.8,7,30.4,10.2
16067,LK Gotha,251.6,304.7,0.8,0,8.6,0.6,1.2,0.3,13.6,1.7,1.3,0.5,13.6,1.7,1.5,0.6,13.6,1.9,1.6,0.6,14.5,1.9,1.8,0.8,15,2.1
16068,LK Sömmerda,220.2,265,3.1,2.2,22.1,4,4.4,3.7,26.4,5.6,5,3.9,28.2,6.8,5.6,4.3,28.8,7.7,5.9,4.8,29.4,7.8,6.8,6.2,29.4,8.6
16069,LK Hildburghausen,177.2,219.9,0.8,0,40.6,0,0.9,0,40.6,0.6,0.9,0,39.1,0.7,1,0,39.1,1,1.1,0,39.1,1,1.1,0,39.1,0.7
16070,LK Ilm-Kreis,242.8,303.1,1.4,0,31.3,0.3,1.3,0,31.3,0.3,1.5,0,31.3,0.3,1.5,0,31.3,0.4,1.6,0,31.3,0.4,1.9,0.3,31.3,0.7
16071,LK Weimarer Land,171.8,206.9,3.4,0.6,39.3,1.5,4.3,1.1,39.9,2.6,5.2,1.1,40.2,2.8,6.8,1.1,55.8,4.2,7.3,1.2,58,7,7.9,1.3,61.9,8.9
16072,LK Sonneberg,186.5,261.6,5.7,2.5,64,6.6,7.4,4.2,64,9.7,8.7,5.8,64,10.7,9.5,7.6,64,11.2,9.7,7.9,64,10.5,11.7,9,64,15.7
16073,LK Saalfeld-Rudolstadt,185.9,227.7,2.5,1,39.8,2.4,2.8,1.5,39.8,2.6,2.9,1.6,39.8,3,3.1,1.9,39.8,3.6,3.2,2,40.5,3.8,3.4,2.2,40.5,3.6
16074,LK Saale-Holzland-Kreis,192.4,239.9,0,0,0.6,0,0,0,0.6,0,0,0,0.6,0,0,0,0.6,0,0,0,0.7,0,0.1,0,0.7,0
16075,LK Saale-Orla-Kreis,332.3,410.9,2.8,0,34.6,1.1,3,0.5,33.7,1.5,3.1,0.5,33.7,1.8,3.4,0.6,33.7,2.4,3.6,0.7,33.7,2.8,3.3,1.1,29,2.7
16076,LK Greiz,383.4,492.8,3,1.9,25.1,3.7,4.3,3.4,27.6,5,4.8,3.7,28.3,5.9,5.1,4,29,6.2,5.3,4.3,29.3,6.4,6,5.1,28.5,6.9
16077,LK Altenburger Land,203.1,234.9,4,1.1,21.6,6.8,3.9,1,21.6,6.5,4.1,1.6,21.6,6.3,4.2,1.8,21.6,6.1,4.3,2,21.6,6,4.1,1.9,18.7,5.3
